카드이름,카드혜택,연회비,전월실적
신한카드 Mr.Life,"공과금
10% 할인
마트,편의점
10% 할인
식음료
10% 할인","해외겸용 15,000원",전월실적 30만원 이상
신한카드 Deep Dream,"모두드림
0.7% 적립
더해드림
2.1% 적립
챙겨드림
3.5% 적립","해외겸용 8,000원",전월실적 없음
신한카드 Deep Oil,"4개정유사
10% 할인
차량서비스
10% 할인
편의점/커피/택시
5% 할인","해외겸용 10,000원",전월실적 30만원 이상
신한카드 Deep Dream(모베러웍스),"모두드림
0.7% 적립
더해드림
2.1% 적립
챙겨드림
3.5% 적립","해외겸용 10,000원",전월실적 없음
신한카드 B.Big(삑),"대중교통
200~600원 할인
택시
10% 할인
KTX
10% 할인","해외겸용 10,000원",전월실적 30만원 이상
신한카드 Deep Dream Platinum+,"모두드림
최대 1.1% 적립
더해드림
최대 3.3% 적립
챙겨드림
최대 5.5% 적립","해외겸용 30,000원",전월실적 없음
신한카드 Hi-Point,"전국가맹점
0.2~2.0% 적립
특정가맹점
1~5% 적립
현대오일뱅크
60원/L 적립","해외겸용 8,000원",전월실적 없음
신한카드 The BEST-F,"캐시백형
1% 캐시백
대한항공형
1,500원/1마일 적립
기프트옵션
1회/연 제공","해외겸용 202,000원",전월실적 없음
아시아나 신한카드 Air 1.5,"1,000원당
1.5마일 기본적립
1,000원당
3마일 추가적립
국내
공항라운지 무료이용","국내전용 43,000원 / 해외겸용 45,000원",전월실적 50만원 이상
알뜰교통카드,"대중교통/택시
10% 할인
마트/편의점
10% 할인
전기차 충전 최대
50% 할인","해외겸용 12,000원",전월실적 30만원 이상
신한카드 RPM+ Platinum#,"모든주유소
40~150P/L 적립
모든충전소
10~50P/L 적립
모든가맹점
0.2~2% 적립","해외겸용 32,000원",전월실적 50만원 이상
신한카드 The CLASSIC+,"1,500원당
1마일 적립
1,000원당
1마일 적립
PP카드
무료 제공","해외겸용 120,000원",전월실적 30만원 이상
메리어트 본보이™ 더 베스트 신한카드,"메리어트 참여호텔
무료숙박권 제공
메리어트 참여호텔 이용시
5P/1천원 적립
메리어트 본보이™ 멤버십
골드엘리트 제공","국내전용 264,000원 / 해외겸용 267,000원",전월실적 없음
신한카드 Unboxing,"온라인종합몰
10% 캐시백
편의점
10% 캐시백
배송비 건당
2,500원 할인","국내전용 32,000원 / 해외겸용 35,000원",전월실적 40만원 이상
신한카드 Puzzle,"국내외이용금액
최대1.1% 적립
전월이용금액
20만원 이월서비스
기본/선택서비스팩
최대3개 제공","국내전용 15,000원 / 해외겸용 18,000원",전월실적 없음
카카오뱅크 신한카드,"결제하는만큼
최대5만원 캐시백
배달앱
3천원 캐시백
해외수수료
전액 할인","국내전용 15,000원 / 해외겸용 15,000원",전월실적 없음
신한카드 The More(더모아),"전가맹점 결제금액
1천원미만 기본적립
특별가맹점 결제금액
1천원미만 더블적립
연간 적립포인트
10% 추가적립","국내전용 15,000원 / 해외겸용 18,000원",전월실적 30만원 이상
네이버페이 라인프렌즈 신한카드,"네이버 결제 시
2% 적립
네이버 외
0.5% 적립","국내전용 7,000원 / 해외겸용 10,000원",전월실적 없음
신한카드 래플(Raffle),"월 마다 최대
7만P 추첨적립
분기 마다 최대
30만P 추첨적립","국내전용 17,000원 / 해외겸용 20,000원",전월실적 50만원 이상
신한카드 국민행복,"넷플릭스/유튜브
50% 할인
배달앱
10% 할인
어린이집/유치원
10% 할인",국내전용 없음 / 해외겸용 없음,전월실적 30만원 이상
신한카드 The LADY CLASSIC,"Gift Option
연 1회 선택제공
쇼핑/육아/웰빙
3~7% 할인
브런치
5% 할인","해외겸용 100,000원",전월실적 30만원 이상
신한카드 YOLO ⓘ,"6개가맹점
할인율 선택
스타벅스
쿠폰 제공","국내전용 15,000원 / 해외겸용 18,000원",전월실적 30만원 이상
신한카드 The CLASSIC-Y,"Gift Option
매년1회 선택이용
마이신한포인트
0.7~5% 적립
GS칼텍스
60원/L 할인","해외겸용 100,000원",전월실적 없음
신한카드 D-day,"편의점
5% 적립
스타벅스
2,000원 할인
라운지
무료 입장","국내전용18,000원 / 해외겸용 18,000원",전월실적 없음
네이버페이 신한카드,"전가맹점
1% 적립
네이버페이결제시
2% 추가적립","국내전용 27,000원 / 해외겸용 30,000원",전월실적 없음
신한카드 Air Platinum#,"1,500원당
1마일 적립
1,000원당
1마일 적립","해외겸용 37,000원",전월실적 없음
신한카드 Deep On Platinum+,"국내 온라인
10% 할인
4대 편의점
20% 할인
항공권
10% 할인","해외겸용 30,000원",전월실적 30만원 이상
메리어트 본보이™ 더 클래식 신한카드,"연간 기프트
15,000P 제공
메리어트 본보이™ 포인트
최대4P 적립
메리어트 본보이™ 멤버십
엘리트 제공","국내전용 144,000원 / 해외겸용 147,000원",전월실적 없음
신한카드 후불하이패스+ (하이패스 전용),"하이패스 요금
0.1% 적립
출퇴근시간대 통행료
20~50% 자동할인
판교↔ 청계, 성남
연계통행료 면제","국내전용 2,000원",전월실적 없음
신한카드 Deep ECO,"기부포인트
0.1% 적립
대중교통
5% 캐시백
CGV
1천원 캐시백","국내전용 13,000원 / 해외겸용 16,000원",전월실적 없음
신한카드 YaY,"배달앱 최대
30% 적립
온라인쇼핑 최대
12,500포인트 적립
홈게임방
10% 적립","국내전용 23,000원 / 해외겸용 26,000원",전월실적 50만원 이상
신한카드 Edu,"교육업종
5~10% 캐시백
아파트관리비
5,000원 캐시백
생활업종
1% 캐시백","해외겸용 20,000원",전월실적 50만원 이상
#Pay 신한카드,"7대 간편결제
5% 적립","국내전용 27,000원 / 해외겸용 30,000원",전월실적 30만원 이상
신한카드 O2O,"Pay결제
2~5% 할인
이동통신
10% 할인
스타벅스
2,000원 할인","해외겸용 10,000원",전월실적 50만원 이상
신한카드 YOLO Tasty,"쇼핑업종
10% 할인
커피,베이커리
20% 할인
CGV
5,000원 할인","해외겸용 10,000원",전월실적 30만원 이상
신한카드 구독 좋아요,"디지털구독
100% 할인
정기결제 자동이체
1천원 할인
생활 서비스
10% 할인","국내전용 15,000원 / 해외겸용 18,000원",전월실적 없음
신한카드 Cube Platinum#,"선택서비스
5% 할인
1천원미만의
잔돈 할인
모든주유소
60원/L 할인","해외겸용 32,000원",전월실적 30만원 이상
신한카드 Eats More(이츠모아),"전가맹점 결제금액
1천원미만 기본적립
추가적립업종 건당
최대 1,600P 추가적립
환전수수료
면제 서비스","국내전용 15,000원 / 해외겸용 18,000원",전월실적 40만원 이상
신한카드 Shopping,"온.오프라인
10% 할인
생활업종
10% 할인
마켓컬리
10% 할인","해외겸용 20,000원",전월실적 50만원 이상
신한카드 The CLASSIC-L,"캐시백형
1% 캐시백
대한항공형
1,500원/1마일 적립
아시아나항공형
1,000원/1마일 적립","해외전용 100,000원",전월실적 없음
신한카드 집,"주택임대료 최대
1만5천원 할인
통신, 인터넷, 보안업체
자동이체 할인
아파트관리비
3천원 할인","해외겸용 12,000원",전월실적 없음
11번가 신한카드,"국내외가맹점
0.5% 적립
11번가
1% 적립","국내전용5,000원 / 해외겸용 8,000원",전월실적 없음
신한카드 플리(산리오캐릭터즈),"국내 이용금액
최대 0.9% 결제일 할인
해외 이용금액
0.5% 결제일 할인
매주 1회
할인 쿠폰 제공","국내전용 15,000원 / 해외겸용 18,000원",전월실적 없음
신한카드 Simple Platinum#,"모든가맹점
1% 캐시백
생활밀착가맹점
0.7% 추가캐시백
영화
3,000원 할인","해외겸용 27,000원",전월실적 없음
신한카드 Deep Making,"DIY서비스
17% 적립
쇼핑
1~5% 적립
푸드
1~5% 적립","국내전용 30,000원 / 해외겸용 30,000원",전월실적 40만원 이상
신한카드 Love,"백화점/할인점
5% 할인
스타벅스
20% 할인
GS칼텍스
60원/L 할인","해외겸용 8,000원",전월실적 20만원 이상
신한카드 봄,"전가맹점 최대
0.5% 캐시백
대중교통 일 최대
200원 캐시백
디지털 구독 최대
10,000원 캐시백","국내전용 17,000원 / 해외겸용 20,000원",전월실적 없음
신한카드 The PREMIER GOLD EDITION (스카이패스),"1,500원당
1마일리지 적립
프리미어 호텔 서비스
연 1회 제공
골프장
연 2회 그린피 무료","해외겸용 1,900,000원",전월실적 없음
신한카드 주거래 신용,"모든가맹점
0.7% 적립
쇼핑/해외
1.3% 추가적립
생활가맹점
3.3% 추가적립","해외겸용 15,000원",전월실적 30만원 이상
신한카드 Love Platinum#,"백화점,할인점,쇼핑몰
5% 할인
GS칼텍스
60원/L 할인
영화
7천원 할인","해외겸용 50,000원",전월실적 없음
티머니 Pay & GO 신한카드,"버스, 지하철
30% 할인
고속버스, 택시
20% 할인
이동통신요금
5% 할인","국내전용 15,000원 / 해외겸용 18,000원",전월실적 30만원 이상
신한카드 Air One,"1,000원당
1마일 기본적립
면세점
1마일 추가적립
해외
1마일 추가적립","해외겸용 49,000원",전월실적 50만원 이상
신한카드 Simple+,"모든가맹점
0.7% 캐시백
이동통신요금
0.7% 추가캐시백
영화
1,500원 할인","해외겸용 10,000원",전월실적 없음
신한카드 Lesson Platinum#,"학원/학습지/독서실
5% 할인
체험/활동학습
5% 할인
서적
5% 할인","해외겸용 27,000원",전월실적 30만원 이상
카카오페이 신한카드,"카카오페이
20% 할인
쿠팡
10% 할인
스타벅스, 커피빈
10% 할인","국내전용 12,000원 / 해외겸용 15,000원",전월실적 30만원 이상
신한카드 EVerywhere,"전기차 충전요금
20~40% 캐시백
디지털 구독서비스
20% 캐시백
주차앱
5천원 캐시백","국내전용 19,000원 / 해외겸용 22,000원",전월실적 40만원 이상
신한카드 All Pass,"고속/시외버스
30~10% 할인
지하철/시내버스/택시
10% 할인
커피전문점
20% 할인","해외겸용 10,000원",전월실적 30만원 이상
신한카드 Deep Once,"렌탈 자동이체
최대 7천포인트 적립
정기월납 자동이체
최대 6천포인트 적립
디지털구독 정기결제
최대 6천포인트 적립","국내전용 20,000원 / 해외겸용 23,000원",전월실적 40만원 이상
신한카드 MY CAR,"자동차 구매금액
0.2% 캐시백
주유소
80원/L 할인
전기차 충전요금
30% 할인","국내전용 27,000원 / 해외겸용 30,000원",전월실적 40만원 이상
신한카드 알뜰More(알뜰모아),"알뜰폰요금 최대
1만5천원 할인","국내전용 20,000원 / 해외겸용 23,000원",전월실적 40만원 이상
신한카드 핏(Fit),"일상영역
최대 4만p 적립
Flex 영역
10% 기본 적립","국내전용 15,000원 / 해외겸용 18,000원",전월실적 40만원 이상
신한카드 Deep Store,"생활쇼핑가맹점
~15% 할인
커피전문점/제과점
10% 할인
복합쇼핑몰/마트
10% 주말할인","해외겸용 13,000원",전월실적 30만원 이상
신한카드 Lady,"3대백화점
5% 할인
패밀리레스토랑
20% 할인
놀이공원
30~50% 할인","해외겸용 5,000원",전월실적 30만원 이상
GS칼텍스 신한카드 Shine,"GS칼텍스
60~100원/L 할인
버스/지하철/택시
3~7% 할인
맥스무비 등
1,500원 할인","해외겸용 7,000원",전월실적 20만원 이상
신한카드 B.Big(마이펫 스노우볼 삑),"대중교통
200~600원 할인
택시
10% 할인
KTX
10% 할인","해외겸용 13,000원",전월실적 30만원 이상
신한카드 Deep Taking,"최다이용영역
2% 적립
푸드
2% 적립
생활
2% 적립","국내전용 20,000원 / 해외겸용 20,000원",전월실적 40만원 이상
신한카드 플리,"국내 이용금액
최대 0.9% 결제일 할인
해외 이용금액
0.5% 결제일 할인
매주 1회
할인 쿠폰 제공","국내전용 15,000원 / 해외겸용 18,000원",전월실적 없음
홈플러스 스페셜 신한카드,"홈플러스매장
7% 적립
홈플러스온라인몰
7% 적립
모든가맹점
0.3% 할인","국내전용 15,000원 / 해외겸용 18,000원",전월실적 50만원 이상
신세계 신한카드,"신세계백화점
5% 할인
Life Care가맹점
5% 할인
해외
5% 캐시백","해외겸용 12,000원",전월실적 50만원 이상
신한카드 Deep Once Plus,"렌탈 자동이체
최대 7천포인트 적립
디지털구독 정기결제
최대 6천포인트 적립
커피/편의점/해외이용
최대 8천포인트 적립","국내전용 27,000원 / 해외겸용 30,000원",전월실적 40만원 이상
신한카드 The PREMIER GOLD EDITION (아시아나클럽),"1,000원당
1마일리지 적립
프리미어 호텔 서비스
연 1회 제공
골프장
연 2회 그린피 무료","해외겸용 1,900,000원",전월실적 없음
마이 홈플러스 신한카드,"홈플러스포인트
1.2% 적립
생활친화가맹점
잔돈할인 서비스
YES24, 인터파크
영화예매할인 서비스","국내전용 12,000원 / 해외겸용 15,000원",전월실적 없음
신한카드 Eats More(곰표),"전가맹점 결제금액
1천원미만 기본적립
추가적립업종 건당
최대 1,600P 추가적립
환전수수료
면제 서비스","국내전용 15,000원 / 해외겸용 18,000원",전월실적 40만원 이상
신한카드 Noon,"점심
30% 할인
커피전문점/제과점
2,000원 할인
택시
20% 할인","해외겸용 8,000원",전월실적 50만원 이상
T우주 신한카드,"우주패스 구독료
최대9,900원 캐시백
할인점/온라인쇼핑
최대5% 적립
생활친화업종
최대10% 적립","국내전용 15,000원 / 해외겸용 18,000원",전월실적 없음
신한카드 23.5°,"버스,지하철
200원 할인
마이신한포인트
1% 적립
스타벅스
4,000원 할인","국내전용 10,000원 / 해외겸용 14,000원",전월실적 없음
위버스 신한카드(BTS),"위버스샵
4% 적립
하이브인사이트
50% 할인
Gift서비스
연1회 제공","국내전용 35,000원 / 해외겸용 35,000원",전월실적 30만원 이상
다이소 신한카드,"다이소
30% 할인
영화
20% 할인
편의점
10% 할인","해외겸용 10,000원 / 해외겸용 13,000원",전월실적 30만원 이상
L.PAY 신한카드,"국내/해외이용금액
0.1% 적립
교통/롯데더드림영역
1% 적립
롯데더드림영역
최대6% 추가적립","국내전용 17,000원 / 해외겸용 20,000원",전월실적 없음
신한카드 혼디모앙,"전 가맹점
0.2% 기본적립
대형마트, 지역유통점 최대
10% 적립
전기차 충전소
30% 적립","국내전용 30,000원 / 해외겸용 33,000원",전월실적 없음
위버스 신한카드(SEVENTEEN),"위버스샵
4% 적립
하이브인사이트
50% 할인
Gift서비스
연1회 제공","국내전용 35,000원 / 해외겸용 35,000원",전월실적 30만원 이상
IKEA(이케아) Family with 신한카드,"IKEA 매장
10% 할인
백화점/할인점
5% 할인
편의점
5% 할인","국내전용 15,000원 / 해외겸용 18,000원",전월실적 30만원 이상
넷마블 신한카드,"앱스토어
10% 할인
편의점
10% 할인
CGV
20% 할인","국내전용 10,000원 / 해외겸용 13,000원",전월실적 40만원 이상
땡겨요 신한카드,"땡겨요앱 이용시
10% 포인트 적립
편의점 이용시
5% 포인트 적립","국내전용 15,000원 / 해외겸용 18,000원",전월실적 30만원 이상
신세계 The BLOSSOM 신한카드,"신세계백화점
7% 할인
신세계 계열사
5% 할인
생활/쇼핑
5% 할인","국내전용 45,000원 / 해외겸용 48,000원",전월실적 50만원 이상
EDIYA 신한카드 Tasty,"EDIYA COFFEE
50% 할인
쇼핑
10% 할인
올리브영, Watsons
10% 할인","해외겸용 10,000원",전월실적 30만원 이상
New LG전자 베스트샵 PLUS 신한카드,"LG전자
5~10% 할인
베스트플러스
최고 3% 할부포인트 적립
롯데월드
50% 할인","국내전용 10,000원 / 해외겸용 12,000원",전월실적 50만원 이상
신한카드 Always FAN,"신한 FAN페이
5% 할인
편의점
10% 할인
올리브영
10% 할인","해외겸용 10,000원",전월실적 50만원 이상
신한카드 My TeenS,"GS25 기프티콘 최대
6천원 증정
GS25
행사상품 할인","국내전용 1,000원",전월실적 없음
요기요 신한카드,"요기요
20% 할인
요기요
10% 추가캐시백
정기결제건
15% 할인","국내전용 24,000원 / 해외겸용 27,000원",전월실적 50만원 이상
더본 신한카드,"뺵다방
30% 할인
편의점
5% 할인
택시
10% 할인","해외겸용 10,000원",전월실적 없음
위메프페이 신한카드,"국내외가맹점
0.7% 기본적립
위메프페이
2% 특별적립
위메프
~2% 적립","해외겸용 12,000원",전월실적 없음
Paydays 신한카드,"국내·외 전 가맹점
0.6% 적립","국내전용 15,000원 / 해외겸용18,000원",전월실적 없음
SOCAR 제휴 SOCAR 신한카드,"SOCAR
30% 할인
KTX/SRT
10% 할인
커피전문점
20% 할인","해외겸용 13,000원",전월실적 30만원 이상
수소차 충전할인 신한카드,"수소차 충전요금
10% 할인
주차장, 자동차 정비/세차
10% 할인
할인점/편의점/배달앱
5% 할인","국내전용 20,000원 / 해외겸용 23,000원",전월실적 30만원 이상
신한카드 Cube,"선택서비스
5% 할인
1천원미만의
잔돈 할인
모든주유소
60원/L 할인","국내전용 10,000원 / 해외겸용 13,000원",전월실적 30만원 이상
위버스 신한카드(ENHYPEN),"위버스샵
4% 적립
하이브인사이트
50% 할인
Gift서비스
연1회 제공","국내전용 35,000원 / 해외겸용 35,000원",전월실적 30만원 이상
리디 신한카드,"리디북스
20% 할인
SPA
10% 할인
영화
4천원 할인","해외겸용 10,000원",전월실적 30만원 이상
메가쇼핑 신한카드,"메가마트
1% 적립
모든가맹점
0.5% 적립
대중교통
3~5% 할인","국내전용 12,000원 / 해외겸용 15,000원",전월실적 없음
모바일 Tmoney 신한카드,"모바일 Tmoney App
20% 할인
스타벅스
50% 할인
통신요금
5% 할인","해외겸용 10,000원",전월실적 30만원 이상
신세계사이먼 프리미엄 아울렛 신한카드,"신세계아울렛
10% 할인
신세계 계열사
7% 할인
주유
40원/L 할인","국내전용 20,000원 / 해외겸용 23,000원",전월실적 40만원 이상
위버스 신한카드(TXT),"위버스샵
4% 적립
하이브인사이트
50% 할인
Gift서비스
연1회 제공","국내전용 35,000원 / 해외겸용 35,000원",전월실적 30만원 이상
제주신화월드 신한카드,"제주신화월드 객실
최대 15% 할인
신세계사이먼 프리미엄
1만5천원 할인
생활 영역
10% 할인","국내전용 15,000원 / 해외겸용 18,000원",전월실적 50만원 이상
LG BEST SHOP 486 신한카드,"장기할부 혜택
연 6.5% 수수료
할부이용 시
11,000원 캐시백","국내전용 22,000원 / 해외겸용 25,000원",전월실적 50만원 이상
Z:IN 인테리어 신한카드,"Z:IN
장기할부 수수료 혜택
Z:IN
할부캐시백 제공","국내전용 22,000원 / 해외겸용 25,000원",전월실적 없음
베베쿡 신한카드,"베베쿡
10% 할인
할인점/백화점 /마켓컬리
5% 할인
커피/잡화/온라인서점
5% 할인","국내전용 15,000원 / 해외겸용 15,000원",전월실적 50만원 이상
신한 햇살론카드,"생활쇼핑 가맹점
7% 할인
커피전문점/제과점
10% 할인
쇼핑몰/할인점
10% 할인","국내전용 5,000원",전월실적 30만원 이상
아모레퍼시픽 신한카드,"아모레퍼시픽 뷰티포인트
12% 적립
특별가맹점 뷰티포인트
5% 적립","국내전용 17,000원 / 해외겸용 20,000원",전월실적 30만원 이상
신한카드 Deep Dream 체크,"모두드림
0.2% 적립
더해드림
0.6% 적립
챙겨드림
1.0% 적립",해외겸용 없음,전월실적 없음
신한카드 On 체크(잔망루피),"간편결제
2% 적립
생활편의
2% 적립
해외 이용금액
1.3% 적립",국내전용 없음 / 해외겸용 없음,전월실적 20만원 이상
신한카드 Hey Young 체크,"대중교통
5% 캐시백
영화
5천원 캐시백
간편결제
1% 캐시백",국내전용 없음 / 해외겸용 없음,전월실적 20만원 이상
네이버페이 신한카드 체크 S2,"네이버 최대
2% 적립
네이버 외
0.1% 적립",국내전용 없음 / 해외겸용 없음,전월실적 없음
알뜰교통카드 S20 Check,"전국 지하철/버스/택시
10% 캐시백
이동통신요금 최대
3천원 캐시백
커피전문점
20% 캐시백",해외겸용 없음,전월실적 20만원 이상
신한카드 FANtastic S 체크(LoL),"간편결제(신한플레이)
15% 캐시백
쿠팡,티몬
10% 캐시백
스타벅스
10% 캐시백",해외겸용 없음,전월실적 30만원 이상
신한카드 플리 체크(산리오캐릭터즈),"국내 이용금액
최대 0.3% 할인
해외 이용금액
0.2% 할인
매 월 2회
할인쿠폰 제공",국내전용 없음 / 해외겸용 없음,전월실적 없음
신한카드 Deep Dream 체크(미니언즈),"모두드림
0.2% 적립
더해드림
0.6% 적립
챙겨드림
1.0% 적립",해외겸용 없음,전월실적 없음
카카오페이 신한 체크카드,"카카오페이
2% 적립
대중교통
3% 적립
CGV 최대
3천원 적립",해외겸용 없음,전월실적 없음
카카오페이 신한 콘 체크카드,"10회결제 때마다
최대2만원 적립
카카오톡 주문하기
최대6천원 적립
해외가맹점
1% 적립",국내전용 없음 / 해외겸용 없음,전월실적 없음
신한카드 플리(체크),"국내 이용금액
최대 0.3% 할인
해외 이용금액
0.2% 할인
매 월 2회
할인쿠폰 제공",국내전용 없음 / 해외겸용 없음,전월실적 없음
신한카드 Way 체크(최고심),"대중교통 최대
5% 적립
생활편의 최대
2% 적립
해외 이용금액
1.3% 적립",국내전용 없음 / 해외겸용없음,전월실적 20만원 이상
신한카드 S-Line 체크(마이펫),"모든가맹점
0.2~0.5% 적립
요식업종
5% 할인
대중교통
5% 할인",국내전용 없음 / 해외겸용 없음,전월실적 30만원 이상
쿠팡 신한카드 체크,"쿠팡캐시
3% 적립
스타벅스
10% 캐시백",국내전용 없음 / 해외겸용 없음,전월실적 20만원 이상
네이버페이 신한카드 체크,"전가맹점
1% 적립",국내전용 없음 / 해외겸용 없음,전월실적 없음
신한 S20 체크카드,"버스/지하철/택시
10% 캐시백
이동통신요금
2~3천원 캐시백
GS25
2~7% 캐시백",해외겸용 없음,전월실적 20만원 이상
FANtastic S 신한카드 체크,"간편결제(FAN페이)
15% 캐시백
쿠팡,티몬
10% 캐시백
스타벅스
10% 캐시백",해외겸용 없음,전월실적 30만원 이상
신한카드 S-Line 체크,"전 가맹점
0.2%~0.5% 적립
요식업종
5% 할인
버스,지하철
5% 할인",국내전용 없음 / 해외겸용 없음,전월실적 30만원 이상
신한카드 4Tune 체크,"국내 모든 가맹점
0.2% 적립
해외 모든 가맹점
1% 적립
커피전문점
10% 할인",국내전용 없음 / 해외겸용 없음,전월실적 없음
신한카드 하이패스(전용) 체크,"하이패스요금
0.1% 적립
통행료
20% 자동할인",국내전용 없음,전월실적 10만원 이상
Global Air 스카이패스 체크,"주중 3,000원 당
1마일리지 적립
주말 1,500원 당
1마일리지 적립
해외인출 1건당
US $3 캐시백","국내전용 10,000원 / 해외겸용 10,000원",전월실적 20만원 이상
신한카드 주거래 체크,"전가맹점
0.3% 적립
쇼핑, 해외가맹점
0.7% 추가적립
생활가맹점
1.7% 추가적립",해외겸용 없음,전월실적 30만원 이상
신한카드 On 체크(쥬라기),"간편결제
2% 적립
생활편의
2% 적립
해외 이용금액
1.3% 적립",국내전용 없음 / 해외겸용 없음,전월실적 20만원 이상
신한카드 Deep Dream 체크(모베러웍스),"모두드림
0.2% 적립
더해드림
0.6% 적립
챙겨드림
1.0% 적립",해외겸용 없음,전월실적 없음
신한카드 Way 체크,"대중교통
5% 적립
생활편의
2% 적립
해외 이용금액
1.3% 적립",국내전용 없음 / 해외겸용없음,전월실적 20만원 이상
신한카드 Way 체크(쥬라기),"대중교통
5% 적립
생활편의
2% 적립
해외 이용금액
1.3% 적립",국내전용 없음 / 해외겸용없음,전월실적 20만원 이상
신한 S20 Pink(핑크)체크카드,"지하철/버스
10% 캐시백
이동통신요금
3,000원 캐시백
4대 온라인쇼핑몰
7% 캐시백",해외겸용 없음,전월실적 20만원 이상
신한 Meme(밈) 카드,"음원사이트
5% 적립
앱스토어
5% 적립
편의점
5% 적립",국내전용 없음,전월실적 없음
신한 S-Choice체크카드,"버스/지하철/택시
10% 할인(캐시백)
커피전문점
20% 할인(캐시백)
백화점
10% 할인(캐시백)",해외겸용 없음,전월실적 20만원 이상
신한플러스 멤버십 체크,"모든가맹점
0.3% 적립
생활가맹점
1.7% 추가적립
쇼핑가맹점
0.7% 추가적립",국내전용 없음 / 해외겸용 없음,전월실적 30만원 이상
GS칼텍스 신한카드 경차사랑 체크,"경차
유류세 환급
GS칼텍스
15원~30원/L 할인
자동차보험
2만~3만원 할인",국내전용 없음,전월실적 없음
신한카드 국민행복 체크,"넷플릭스/유튜브
50% 할인
배달앱
5% 할인
어린이집/유치원
5% 할인",국내전용 없음 / 해외겸용 없음,전월실적 30만원 이상
신한카드 아이행복 체크카드,"병원/약국
5% 할인
쇼핑
5% 할인
통신비/도시가스
5% 할인",국내전용 없음 / 해외겸용 없음,전월실적 30만원 이상
신세계 신한카드 체크,"스타벅스
500원 할인
쿠팡,티몬
1% 포인트적립
롯데월드,서울랜드
50% 할인",해외겸용 없음,전월실적 30만원 이상
CJ ONE 신한카드 체크,"CJ ONE포인트
5% 추가적립
CGV
7,000원 캐시백
투썸플레이스
10% 캐시백",해외겸용 없음,전월실적 20만원 이상
Deep On 체크,"국내가맹점
0.2% 적립
해외가맹점
0.5% 적립
정기결제 최대
2% 적립",국내전용 없음 / 해외겸용 없음,전월실적 없음
신한카드 FANtastic S 체크(DRX),"간편결제(신한플레이)
15% 캐시백
쿠팡, 티몬
10% 캐시백
스타벅스
10% 캐시백",국내전용 없음 / 해외겸용 없음,전월실적 30만원 이상
신한카드 EV 체크,"전기차 충전
30% 할인
대중교통
5% 할인
보험료
30,000원 할인",해외겸용 없음,전월실적 30만원 이상
신한카드 On 체크,"간편결제
2% 적립
생활편의
2% 적립
해외 이용금액
1.3% 적립",국내전용 없음 / 해외겸용 없음,전월실적 20만원 이상
Global Air 아시아나 체크,"주중 2,500원 당
1마일리지 적립
주말 1,000원 당
1마일리지 적립
해외인출 1건 당
US $3 캐시백","국내전용 10,000원 / 해외겸용 10,000원",전월실적 20만원 이상
신한카드 봄(체크),"국내외 이용금액 최대
0.3% 캐시백
대중교통 일 최대
200원 캐시백",국내전용 없음 / 해외겸용 없음,전월실적 없음
TEENS(틴즈) PLUS PONEY 신한카드 체크,"영화
2천원 할인
놀이공원
50% 할인
베이커리/패스트푸드
5% 캐시백",국내전용 없음 / 해외겸용 없음,전월실적 10만원 이상
위버스 신한카드 체크(SEVENTEEN),"위버스샵
2% 적립
생활영역
5% 적립
하이브인사이트
25% 할인",국내전용 없음,전월실적 20만원 이상
신한카드 Finnq(핀크) 체크,"핀크머니
0.2% 적립",국내전용 없음 / 해외겸용 없음,전월실적 없음
몰테일 신한카드 체크,"몰테일
3천원 캐시백
해외전가맹점
1.2% 캐시백
쿠팡,티몬
9% 캐시백",해외겸용 없음,전월실적 없음
Global+ 체크,"국내가맹점
0.2% 캐시백
대중교통
2% 캐시백
해외가맹점
1.2% 캐시백",국내전용 없음 / 해외겸용 없음,전월실적 30만원 이상
11번가 신한카드 체크,"국내외가맹점
0.1% 적립
11번가
0.5% 적립",해외겸용 없음,전월실적 없음
L.pay 신한카드 체크,"국내/해외일시불
0.1% 적립
롯데더드림영역
0.5% 적립
L.pay결제시 최대
2.5% 추가적립",국내전용 없음 / 해외겸용 없음,전월실적 없음
JYP Fan’s EDM 체크,"국내콘서트/공연
5% 캐시백
음원/스트리밍
5% 캐시백
대중교통
3% 캐시백",국내전용 없음 / 해외겸용 없음,전월실적 20만원 이상
SOCAR 제휴 SOCAR 신한카드 체크,"SOCAR 결제
10% 할인
영화예매
10% 할인
철도 이용시
5% 할인",해외겸용 없음,전월실적 20만원 이상
마이 홈플러스 체크카드,"홈플러스포인트
0.6% 적립",국내전용 없음 / 해외겸용 없음,전월실적 없음
위버스 신한카드 체크(BTS),"위버스샵
2% 적립
생활영역
5% 적립
하이브인사이트
25% 할인",국내전용 없음,전월실적 20만원 이상
KT 신한카드 체크,"KT통신요금
5,000원 캐시백
GS25
5% 캐시백
CGV
10% 캐시백",국내전용 없음,전월실적 30만원 이상
LG U+ 신한카드 Smart 체크,"LG U+ 통신요금
3,000원 캐시백
GS25
5% 캐시백
맥스무비
2,000원 캐시백",국내전용 없음,전월실적 30만원 이상
ZEPETO 신한카드,"전 가맹점
최대 0.5% 적립
편의점 결제
5% 적립",국내전용 없음,전월실적 없음
다이소 신한카드 체크,"다이소
20% 캐시백
편의점
10% 캐시백
영화
20% 캐시백",해외겸용 없음,전월실적 20만원 이상
요기요 신한카드 체크,"요기요
15% 할인
이디야
10% 할인
CU
10% 할인",국내전용 없음 / 해외겸용 없음,전월실적 20만원 이상
땡겨요 신한카드 체크(라이더형),"전가맹점
0.2% 포인트 적립
주유소
0.2% 포인트 추가 적립
편의점
0.2% 포인트 추가 적립",국내전용 없음 / 해외겸용없음,전월실적 없음
메가쇼핑 신한카드 체크,"메가마트
0.5% 적립
메가마트
0.2% 추가적립
모든가맹점
0.1% 적립",국내전용 없음 / 해외겸용 없음,전월실적 없음
아모레퍼시픽 신한카드 체크,"아모레퍼시픽
8% 적립
대형마트
3% 적립
백화점
3% 적립",국내전용 없음 / 해외겸용없음,전월실적 20만원 이상
위버스 신한카드 체크(TXT),"위버스샵
2% 적립
생활영역
5% 적립
하이브인사이트
25% 할인",국내전용 없음,전월실적 20만원 이상
LineageM 신한카드 체크,"앱스토어
5% 캐시백
구글 플레이스토어
5% 캐시백
스타벅스
20% 캐시백",국내전용 없음 / 해외겸용 없음,전월실적 40만원 이상
땡겨요 신한카드 체크,"땡겨요 앱
10% 포인트 적립
스타벅스
2% 포인트 적립
편의점
2% 포인트 적립",국내전용 없음 / 해외겸용 없음,전월실적 없음
투썸플레이스 신한카드 체크,"투썸플레이스
20% 캐시백
OTT서비스
1천원 캐시백",국내전용 없음 / 해외겸용 없음,전월실적 30만원 이상
Paydays 신한카드 체크,"국내·외 전 가맹점
0.3% 포인트 적립",국내전용 없음 / 해외겸용 없음,전월실적 없음
더본 신한카드 체크,"빽다방
20% 할인
더본 모든매장
5% 할인
CGV
10% 할인",국내전용 없음 / 해외겸용 없음,전월실적 20만원 이상
리디 신한카드 체크,"리디북스
10% 할인
영화예매
10% 할인
KFC
10% 할인",해외겸용 없음,전월실적 20만원 이상
위버스 신한카드 체크(ENHYPEN),"위버스샵
2% 적립
생활영역
5% 적립
하이브인사이트
25% 할인",국내전용 없음,전월실적 20만원 이상
EDIYA 신한카드 체크,"EDIYA
30% 할인",해외겸용 없음,전월실적 20만원 이상
삼성카드 taptap O,"스타벅스
50% 할인
대중교통
10% 할인
CGV, 롯데시네마
5,000원 할인","국내전용 10,000원 / 해외겸용 10,000원",전월실적 30만원 이상
삼성카드 & MILEAGE PLATINUM (스카이패스),"1,000원당
1마일 기본적립
커피/주유
2마일 특별적립
인천공항
라운지 무료이용","국내전용 47,000원 / 해외겸용 49,000원",전월실적 없음
삼성 iD NOMAD 카드,"기프트서비스
영역별 연 1회 제공
국내외가맹점
최대 2% 적립
디지털콘텐츠/멤버십
50% 할인","국내전용 47,000원 / 해외겸용 49,000원",전월실적 50만원 이상
THE iD. PLATINUM(포인트),"기프트 서비스
15만원 상당 제공
국내 가맹점
1% 빅포인트 적립
특별 가맹점
1.5% 빅포인트 적립","국내전용 215,000원 / 해외겸용 220,000원",전월실적 50만원 이상
taptap DIGITAL,"온라인간편결제
5% 할인
스트리밍
50% 할인
편의점
10% 할인","국내전용 10,000원 / 해외겸용 10,000원",전월실적 30만원 이상
삼성 iD 달달할인,"아파트관리비
10% 할인
스트리밍
50% 할인
주유
5% 할인","국내전용 29,000원 / 해외겸용 29,000원",전월실적 50만원 이상
삼성 iD ON 카드,"많이쓰는 영역 자동맞춤
30% 할인
교통/이동통신/스트리밍
10% 할인
온라인간편결제/해외
3%·1% 할인","국내전용 20,000원 / 해외겸용 20,000원",전월실적 30만원 이상
삼성 iD SIMPLE 카드,"국내 외 가맹점
0.7%·1% 할인
온라인쇼핑몰 멤버십
50% 할인
영화
3,000원 할인","국내전용 7,000원 / 해외겸용 7,000원",전월실적 없음
네이버페이 taptap,"네이버페이
10% 적립
커피전문점
5% 적립
전가맹점
0.5% 적립","국내전용 15,000원 / 해외겸용 15,000원",전월실적 30만원 이상
THE iD. TITANIUM(포인트),"기프트 서비스
매년 2가지 제공
국내 가맹점
1.2% 빅포인트 적립
특별 가맹점
1.5% 빅포인트 적립","국내전용 695,000원 / 해외겸용 700,000원",전월실적 50만원 이상
taptap DRIVE,"주유 리터당
60~150원 할인
편의점
10% 할인
커피전문점
10% 할인","국내전용 10,000원 / 해외겸용 10,000원",전월실적 30만원 이상
THE 1,"기프트 서비스
15만원상당 제공
백화점/골프
1.5% 적립
인천공항 주차요금
1만원 할인","국내전용 195,000원 / 해외겸용 200,000원",전월실적 30만원 이상
국민행복 삼성카드 V2,"쇼핑
7% 할인
보육
7% 할인
생활요금
7% 할인",국내전용 없음 / 해외겸용 없음,전월실적 없음
삼성카드 taptap I,"[일상팩]커피전문점
30% 할인
[일상팩]마켓컬리
20% 할인
[여가팩]KTX/SRT
5,000원 할인","국내전용 49,000원 / 해외겸용 49,000원",전월실적 50만원 이상
신세계이마트 삼성카드7,"신세계백화점
5% 할인
이마트
6,000원 할인
국내가맹점
0.5~3% 적립","국내전용 18,000원 / 해외겸용 20,000원",전월실적 30만원 이상
삼성 iD EV 카드,"전기차 충전요금
50%·70% 할인
주차장·하이패스·대리운전
10% 할인
자동차보험
3만원 할인","국내전용 15,000원 / 해외겸용 15,000원",전월실적 30만원 이상
모니모카드,"스타벅스
50% 할인
온라인쇼핑몰
7% 할인
이동통신요금
10% 결제일 할인","국내전용 10,000원 / 해외겸용 10,000원",전월실적 30만원 이상
아시아나 삼성애니패스플래티늄카드,"1,000원당
1~5마일 적립
놀이공원
50% 할인
엔진오일교환
15,000원 할인","해외전용 20,000원",전월실적 30만원 이상
삼성 iD ALL 카드,"많이 쓰는 영역 자동 맞춤
5% 할인
주유/이동통신/아파트관리비
2.5% 할인
국내외가맹점
0.5% 할인","국내전용 20,000원 / 해외겸용 20,000원",전월실적 40만원 이상
American Express Green,"항공, 면세점
20,000원 할인
스타벅스
20% 할인
이용금액
0.5~2% 멤버십리워즈적립","해외전용 49,000원",전월실적 50만원 이상
삼성페이카드,"국내이용 최대
1.5% 할인
해외이용 최대
5% 할인","국내전용 15,000원 / 해외겸용 15,000원",전월실적 없음
삼성 iD EDU 카드,"교육
10% 할인
아파트관리비
5,000원 할인
배달앱
5% 할인","국내전용 30,000원 / 해외겸용 30,000원",전월실적 50만원 이상
삼성카드 taptap S,"모든가맹점
1% 적립
모든주유소
2,000원 할인
모든영화관
5,000원 할인","국내전용 10,000원 / 해외겸용 10,000원",전월실적 50만원 이상
American Express Blue(아멕스블루),"배달앱
7% 적립
스타벅스, 이디야
20% 할인
스트리밍
20% 할인","해외겸용 15,000원",전월실적 30만원 이상
삼성카드 BIZ LEADERS,"국내외 가맹점
0.5% 할인
보험∙전기요금∙통신
10% 할인
온라인쇼핑몰 ∙주유 ∙할인점
3% 할인","국내전용 20,000원 / 해외겸용 20,000원",전월실적 없음
카카오뱅크 삼성카드,"마트/편의점
1% 할인
스트리밍
20% 할인
영화관
5천원 할인","국내전용 7,000원 / 해외겸용 7,000원",전월실적 없음
네이버웹툰 삼성 iD 카드,"네이버 디지털콘텐츠
50% 적립
국내 가맹점
1% 적립
배달앱·스타벅스
5% 적립","국내전용 10,000원 / 해외겸용 10,000원",전월실적 없음
THE 1 (스카이패스),"기프트 서비스
15만원상당 제공
1천원당 최대
2마일리지 적립
인천공항 주차요금
1만원 할인","국내전용 245,000원 / 해외겸용 250,000원",전월실적 없음
SSG.COM 삼성카드,"SSG.COM
1% 기본적립
SSG.COM
9% 추가적립
생활편의영역
5% 적립","국내전용 15,000원 / 해외겸용 15,000원",전월실적 없음
카카오뱅크 개인사업자 삼성카드,"사업 필수 경비
5% 결제일할인
사업장 운영 경비
1.5% 결제일할인
국내 가맹점
1% 결제일할인","국내전용 15,000원 / 해외겸용 15,000원",전월실적 50만원 이상
트레이더스신세계 삼성카드,"트레이더스
1~5% 할인
학원/서점/병원
5% 할인
SKT/스타벅스
5% 할인","국내전용 15,000원 / 해외겸용 15,000원",전월실적 40만원 이상
American Express Platinum,"국내외가맹점
1% 멤버십리워즈 적립
해외·항공
2% 멤버십리워즈 추가적립
골프·주유·호텔
4% 멤버십리워즈 추가적립","해외겸용 700,000원",전월실적 없음
삼성 BIZ iD BENEFIT카드,"사업 필수 경비
1.5% 할인
국내 가맹점
0.5% 할인
사업 운영 지원
3% 할인","국내전용 30,000원 / 해외겸용30,000원",전월실적 30만원 이상
아시아나 삼성지엔미플래티늄카드,"1,000원당
1~5마일 적립
S-OIL주유소
40/L 적립
CGV
3,000원 할인","해외전용 20,000원",전월실적 30만원 이상
카카오페이 신용카드,"이동통신요금
3,000P 적립
스트리밍
10% 적립
카카오페이포인트
최대3% 적립","국내전용 10,000원 / 해외겸용 10,000원",전월실적 없음
글로벌쇼핑 삼성카드 5v2,"해외직구
1~2% 적립
아이포터
배송비 할인쿠폰제공
서점,학습지
5% 할인","해외겸용 18,000원",전월실적 없음
삼성페이 삼성카드 taptap,"삼성페이
10% 할인
국내외가맹점
0.3% 할인
통신요금
10% 할인","국내전용 10,000원 / 해외겸용 10,000원",전월실적 30만원 이상
삼성카앤모아카드,"국내외 가맹점
최대 0.4% 포인트 적립
모든 주유소
30원·60원 리터당 할인
CGV 동반 1인
50% 할인","국내전용 8,000원 / 해외겸용 10,000원",전월실적 30만원 이상
American Express® Reserve,"Food·Coffee·Movie
30% 할인
온라인쇼핑·해외
5% 적립
특수소재플레이트
무료 제공","해외겸용 150,000원",전월실적 없음
American Express® Gold,"해외·면세점
2% 적립
인천공항주차요금
1만원 할인
스타벅스
20% 할인","국내전용 300,000원 / 해외겸용 300,000원",전월실적 없음
스카이패스 삼성아멕스카드,"국내 1,500원당
1마일 적립
해외 1,500원당
2마일 적립
S-OIL
40포인트/L 적립","해외전용 20,000원",전월실적 없음
THE 1 BIZ,"기프트 서비스
15만원상당 제공
전기/인터넷
5% 할인
인천공항 주차요금
1만원 할인","국내전용 215,000원 / 해외겸용 220,000원",전월실적 50만원 이상
iD MOVE카드,"대중교통·택시
10% 할인
이동통신
10% 할인
커피전문점
10% 할인","국내전용 20,000원 / 해외겸용 20,000원",전월실적 40만원 이상
LG U+ 삼성카드,"LG U+
24개월 라이트할부
LG U+ 최대
1만6천원 할인","국내전용 20,000원 / 해외겸용 20,000원",전월실적 30만원 이상
삼성 iD POCKET 카드,"대중교통
최대 2% 할인
편의점
최대 8% 할인
커피전문점
최대 8% 할인",국내전용 없음,전월실적 없음
삼성 iD ENERGY 카드,"주유
1만원 할인
스타벅스 드라이브 스루
30% 할인
고속도로 통행료
10% 할인","국내전용 20,000원 / 해외겸용 20,000원",전월실적 50만원 이상
삼성스토어 BENEFIT 삼성카드,"생활요금 자동납부 최대
10% 할인
삼성닷컴
3% 할인
삼성스토어
24/36개월 할부제공","국내전용 20,000원 / 해외겸용 20,000원",전월실적 30만원 이상
RAUME O (스카이패스),"스카이패스
1마일/1,500원 적립
프리미엄
기프트 바우처
동반자
항공권 무료","해외겸용 2,000,000원",전월실적 없음
THE O V2 (포인트),"기프트서비스 최대
35만원상당 제공
모든가맹점
1.2% 적립
택시
3천원 할인","국내전용 595,000원 / 해외겸용 600,000원",전월실적 없음
삼성 iD PET 카드,"동물병원/반려동물쇼핑몰
30% 할인
온라인간편결제
5% 할인
손해보험
10% 할인","국내전용 15,000원 / 해외겸용 15,000원",전월실적 40만원 이상
KT 삼성카드,"KT
24개월 라이트할부
KT 최대
1만6천원 할인","국내전용 20,000원 / 해외겸용 20,000원",전월실적 30만원 이상
taptap SHOPPING,"온라인쇼핑
5% 할인
오프라인쇼핑
5% 할인
스트리밍
3천원 할인","국내전용 10,000원 / 해외겸용 10,000원",전월실적 30만원 이상
T나는혜택 삼성카드,"SKT 라이트할부
24개월 제공
SKT 이동통신요금
최대 16,000원 할인","국내전용 20,000원 / 해외겸용 20,000원",전월실적 30만원 이상
홈플러스 삼성카드,"홈플러스 최대
5% 할인
병/의원, 약국
5% 할인
주유소
80원/L 할인","국내전용 15,000원 / 해외겸용 15,000원",전월실적 없음
PAYCO taptap,"결제시
5% 적립
커피전문점
5% 적립
배달앱
5% 적립","국내전용 9,900원 / 해외겸용 9,900원",전월실적 40만원 이상
삼성 모바일플러스카드,"갤럭시 스토어
5% 적립
삼성닷컴
10% 적립
이동통신요금
10% 적립","국내전용 15,000원 / 해외겸용 15,000원",전월실적 없음
CU·배달의민족 삼성카드 taptap,"CU 1,500원당
200원 할인
배달의민족
2,000원 할인
대중교통 1,000원당
100원 할인","국내전용 10,000원 / 해외겸용 10,000원",전월실적 30만원 이상
삼성카드 지엔미+,"교육/할인점
1.5% 할인
모든영화관
10,000원 할인
VIPS/계절밥상
20,000원 할인","해외전용 49,000원",전월실적 50만원 이상
CJ 삼성 iD 카드,"CJ온스타일
7% 할인
올리브영
10% 할인
뚜레쥬르
10% 할인","국내전용 10,000원 / 해외겸용 10,000원",전월실적 30만원 이상
S-OIL 삼성카드 & POINT,"S-OIL
80P/L 적립
편의점
3% 적립
영화
3천원 할인","국내전용 10,000원 / 해외겸용 12,000원",전월실적 없음
롯데월드카드,"롯데월드 시설이용권
50% 할인
롯데월드 기념품샵
10% 할인
생활필수영역
7% 할인","국내전용 10,000원 / 해외겸용 10,000원",전월실적 30만원 이상
신세계 더 마일리지 삼성카드 (스카이패스),"국내외 가맹점
1마일 적립
신세계백화점·신세계면세점
1마일 추가적립
신세계백화점
제휴 서비스","국내전용 45,000원 / 해외겸용 45,000원",전월실적 50만원 이상
카라이프 삼성카드 DISCOUNT+,"모든주유소
90원/L 할인
카카오드라이버
10% 할인
모든가맹점
0.5% 할인","국내전용 49,000원 / 해외겸용 49,000원",전월실적 50만원 이상
부릉 삼성카드 BIZ,"커피,이동통신 등
최대3% 적립
영화관
3,000원 할인
부가세신고 등
세무지원 서비스","국내전용 10,000원 / 해외겸용 10,000원",전월실적 없음
삼성카드 애니패스+,"영화
5,000원 할인
카페
10% 할인
VIPS, 계절밥상
20,000원 할인","해외전용 49,000원",전월실적 50만원 이상
Toss taptap S,"모든가맹점
1% 적립
모든주유소
2천원 할인
모든영화관
5천원 할인","국내전용 10,000원 / 해외겸용 10,000원",전월실적 50만원 이상
다이소 삼성카드,"다이소 최대
4천원 할인
배달앱
2천원 할인
다이소몰
1% 할인","국내전용 8,000원 / 해외겸용 8,000원",전월실적 없음
신세계 아울렛 BENEFIT 삼성카드,"아울렛
10% 할인
할인점·슈퍼마켓·편의점
7% 할인
배달앱
10% 할인","국내전용 20,000원 / 해외겸용 20,000원",전월실적 40만원 이상
요기요 삼성카드,"요기요 최대
10% 할인
편의점
5% 할인
스트리밍
10% 할인","국내전용 10,000원 / 해외겸용 10,000원",전월실적 없음
SC제일은행 아시아나 삼성지엔미카드,"국내외가맹점
1마일리지 적립
온라인·홈쇼핑
2마일리지 적립
커피전문점
3마일리지 적립","국내전용 20,000원 / 해외겸용 20,000원",전월실적 없음
라이프파트너 삼성카드,"보험료 매년
1~2만원 할인
보험료 매월
3~5천원 할인
주유소/충전소
3천원 할인","국내전용 20,000원 / 해외겸용 20,000원",전월실적 30만원 이상
RAUME O,"RAUME포인트
0.5~2% 적립
프리미엄
기프트 바우처
동반자
항공권 무료","해외겸용 2,000,000원",전월실적 없음
NS홈쇼핑 삼성카드,"NS홈쇼핑
10% 할인
주유/편의점/생활잡화
5% 할인
생활요금자동납부
1천원 할인","국내전용 10,000원 / 해외겸용 10,000원",전월실적 40만원 이상
TRADERS CLUB 삼성카드,"트레이더스 홀세일 클럽
최대 5% 적립
택시
최대 2% 적립
편의점
최대 2% 적립","국내전용 15,000원 / 해외겸용 15,000원",전월실적 없음
CJ ONE 삼성카드,"CJ ONE 포인트
2~5배 적립
CJ ONE 포인트
0.5% 특별적립
놀이공원 자유이용권
50% 현장할인","국내전용 8,000원 / 해외겸용 10,000원",전월실적 20만원 이상
RAUME O (아시아나),"아시아나
1마일/1,000원 적립
프리미엄
기프트 바우처
동반자
항공권 무료","해외겸용 2,000,000원",전월실적 없음
THE O V2 (아시아나),"기프트서비스 최대
35만원상당 제공
1500원당
2마일리지 적립
택시
3천원 할인","국내전용 595,000원 / 해외겸용 600,000원",전월실적 없음
삼성스토어 삼성카드,"삼성스토어 할부
24~36개월 제공
라이트할부 시
1만1천원 할인
교통/커피
5% 할인","국내전용 20,000원 / 해외겸용 20,000원",전월실적 50만원 이상
삼성체크카드 & CASHBACK,"0.6~0.2%
캐시백 제공
놀이공원
50% 할인
CGV
3,000원 할인",국내전용 없음,전월실적 없음
삼성체크카드 & POINT,"빅포인트
0.8~0.2% 적립
CGV
3,000원 할인
놀이공원
50% 할인",국내전용 없음,전월실적 없음
국민행복 삼성체크카드,"빅포인트
0.8~0.2% 적립
스타벅스
1,000원 할인
CGV
1,500원 할인",국내전용 없음 / 해외겸용 없음,전월실적 없음
국민행복 삼성체크카드 V2,"병원, 약국
2% 캐시백
온라인쇼핑
2% 캐시백
다이소, 마켓컬리
2% 캐시백",국내전용 없음 / 해외겸용 없음,전월실적 30만원 이상
삼성빅보너스체크카드,"모든가맹점
0.5% 적립
S-OIL
40원/L 적립
프로스포츠
입장권 할인",국내전용 없음 / 해외겸용 없음,전월실적 30만원 이상
삼성포인트체크카드,"모든가맹점
0.5% 적립
S-Oil
40원/L 적립
프로스포츠
입장권 할인",국내전용 없음 / 해외겸용 없음,전월실적 30만원 이상
제주도 삼성체크카드,"S-OIL
40원/L 적립
제주도발전기금
0.5% 적립
프로스포츠
입장료 할인",국내전용 없음 / 해외겸용 없음,전월실적 30만원 이상
KB국민 My WE:SH 카드,"KB Pay
10% 할인
음식점
10% 할인
서비스팩 3개 중
1개 선택할인","국내전용 15,000원 / 해외겸용 15,000원",전월실적 40만원 이상
탄탄대로 올쇼핑 티타늄카드,"대형마트
10% 할인
도시가스
10% 할인
커피
5% 할인","국내전용 30,000원 / 해외겸용 30,000원",전월실적 40만원 이상
다담카드,"교통/통신
10% 할인
주유소/충전소
60원/L 할인
생활/교육/쇼핑 등
적립팩 선택","해외겸용 20,000원",전월실적 30만원 이상
톡톡D 카드,"배달앱
50% 할인
온라인 간편결제
10% 할인
편의점
5% 할인","국내전용 12,000원 / 해외겸용 12,000원",전월실적 30만원 이상
Easy all 티타늄카드,"20개 영역 중
선택형 할인
택시
10% 할인
온라인쇼핑
5% 할인","국내전용 30,000원 / 해외겸용 30,000원",전월실적 50만원 이상
BeV V카드(스카이패스형),"대한항공마일리지
1,500원/~3마일 적립
프리미엄쿠폰
연 1회 제공
해외 공항라운지
무료이용 서비스","해외겸용 300,000원",전월실적 50만원 이상
BeV V카드(포인트형),"포인트리
1.2~3.0% 적립
프리미엄쿠폰
연 1회 제공
해외 공항라운지
무료이용 서비스","해외겸용 300,000원",전월실적 50만원 이상
청춘대로 톡톡카드,"스타벅스
50% 할인
버거/패스트푸드
20% 할인
간편결제Pay
10% 할인","국내전용 10,000원 / 해외겸용 12,000원",전월실적 30만원 이상
FINETECH카드(대한항공),"국내이용
1.2마일 적립
해외이용
2마일 적립
게임/커피/영화
3마일 적립","국내전용 20,000원 / 해외겸용 25,000원",전월실적 없음
The Easy카드,"전 가맹점
0.7% 적립or할인 택1
적립형선택시
3% 추가적립
할인형선택시
5% 추가할인","국내전용 15,000원 / 해외겸용 15,000원",전월실적 없음
굿데이올림카드,"주유
60원/L 할인
통신요금
10% 할인
대형마트
10% 할인","국내전용 15,000원 / 해외겸용 20,000원",전월실적 30만원 이상
톡톡M 카드,"멤버십 구독 서비스
100% 할인
온라인 간편결제
10% 할인
편의점
5% 할인","국내전용 12,000원 / 해외겸용 12,000원",전월실적 30만원 이상
톡톡 my point카드,"국내가맹점
0.5% 적립
KB Pay
5% 적립
연간 리워드
12,000점 적립","국내전용 12,000원 / 해외겸용 12,000원",전월실적 없음
탄탄대로 Miz&Mr카드,"주유
80원/L 할인
미용/화장품
20% 할인
결혼서비스/가전
20% 할인","국내전용 15,000원 / 해외겸용 15,000원",전월실적 40만원 이상
탄탄대로 오토카드,"전 주유소
10~15% 할인
차량정비
10% 할인
편의점
10% 할인","국내전용 50,000원 / 해외겸용 50,000원",전월실적 50만원 이상
BeV Ⅲ 카드,"포인트리
1.1~1.5% 적립
전 주유소/충전소
100원/L 할인
상품권
15만원 상당 제공","해외겸용 210,000원",전월실적 50만원 이상
KB국민 WE:SH All카드,"국내 가맹점
1% 할인
해외 가맹점
2% 할인
쇼핑 멤버십
50% 할인","국내전용 20,000원 / 해외겸용 20,000원",전월실적 40만원 이상
탄탄대로 올쇼핑카드,"대형마트
10% 할인
온라인쇼핑몰
10% 할인
통신요금
10% 할인","국내전용 15,000원 / 해외겸용 15,000원",전월실적 40만원 이상
탄탄대로 온리유카드,"모든주유소
110~150점/L 적립
자동차보험
1만원 할인
차량정비
5% 적립","국내전용 15,000원 / 해외겸용 15,000원",전월실적 40만원 이상
스카이패스 티타늄 카드,"국내·외 가맹점 1,000원당
1마일 기본적립
해외이용 1,000원당
2마일 적립
면세점 1,000원당
2마일 적립","국내전용 45,000 / 해외겸용 45,000",전월실적 없음
톡톡 Pay카드,"간편결제
20~40% 할인
대중교통
10% 할인
편의점
10% 할인","국내전용 20,000원 / 해외겸용 20,000원",전월실적 40만원 이상
굿데이카드,"주유
60원/L 할인
통신요금
10% 할인
커피
10% 할인","국내전용 5,000원 / 해외겸용 10,000원",전월실적 30만원 이상
FINETECH카드(아시아나),"국내이용
1.2마일 적립
해외이용
2마일 적립
게임/커피/영화
3마일 적립","국내전용 20,000원 / 해외겸용 25,000원",전월실적 없음
톡톡O 카드,"OTT플랫폼
100% 할인
온라인 간편결제
10% 할인
편의점
5% 할인","국내전용 12,000원 / 해외겸용 12,000원",전월실적 30만원 이상
KB국민 Our WE:SH 카드,"대형마트
5% 청구할인
영화관,공연장/전시장
10% 청구할인
이동통신 자동납부
10% 청구할인","국내전용 15,000원 / 해외겸용 15,000원",전월실적 40만원 이상
톡톡 my living카드,"온라인쇼핑/대형마트
10% 적립
이동통신요금
10% 적립
식품/배달업체
10% 적립","국내전용 12,000원 / 해외겸용 12,000원",전월실적 30만원 이상
탄탄대로 이지홈카드,"통신요금
10% 할인
아파트관리비
10% 할인
대형마트
5% 할인","국내전용 15,000원 / 해외겸용 15,000원",전월실적 40만원 이상
탄탄대로 Miz&Mr 티타늄카드,"미용/화장품
20% 할인
주유
100원/L 할인
커피
10% 할인","국내전용 30,000원 / 해외겸용 30,000원",전월실적 40만원 이상
청춘대로 1코노미 카드,"편의점
20% 적립
통신/생활요금
5% 적립
음식점/배달앱
5% 적립","해외겸용 17,000원",전월실적 40만원 이상
금융포인트리카드,"금융포인트
0.5~5% 적립
대출금리
연0.1~0.3% 할인
금융수수료
면제 서비스","해외겸용 5,000원",전월실적 없음
와이즈카드,"특별포인트리
0.5~4.5% 적립
기본포인트리
0.5% 적립
학원/병원/백화점
2~3개월 무이자할부","국내전용 5,000원 / 해외겸용 10,000원",전월실적 없음
Easy link 티타늄카드,"자동납부이용
최대1만원 캐시백
영화
3천원 할인
선택형패키지
5% 할인","국내전용 30,000원 / 해외겸용 32,000원",전월실적 50만원 이상
톡톡F 카드,"패션 플랫폼
50% 할인
온라인 간편결제
10% 할인
편의점
5% 할인","국내전용 12,000원 / 해외겸용 12,000원",전월실적 30만원 이상
카카오뱅크 KB국민카드,"편의점
3천원 할인
PC방
5천원 할인
숙박앱
5천원 할인","국내전용 15,000원 / 해외겸용 15,000원",전월실적 50만원 이상
Easy on카드,"푸드, 배달앱, 커피
5% 할인
온라인음원, 숙박앱
5% 할인","국내전용 20,000원 / 해외겸용 20,000원",전월실적 50만원 이상
알파원카드,"다양한 혜택을
한 장의 카드로 이용",국내전용 없음 / 해외겸용 없음,전월실적 없음
HERITAGE Smart [대한항공 마일리지형],"할인 쿠폰
3가지 택1
국내외가맹점 1천원당
1~2마일리지 적립
KB Pay 2천원당
1마일리지 적립","국내전용 200,000원 / 해외겸용 200,000원",전월실적 50만원 이상
HERITAGE Smart [할인형],"할인 쿠폰
3가지 택 1
국내외가맹점
1~3% 할인
특별 영역
5% 할인","국내전용 200,000원 / 해외겸용 200,000원",전월실적 50만원 이상
가온글로벌카드,"국내가맹점
0.3% 기본적립
쇼핑/여행
0.7% 추가적립
해외가맹점 최대
3% 특별적립","국내전용 15,000원 / 해외겸용 20,000원",전월실적 없음
Easy pick 티타늄 카드,"피트니스
5% 적립
학원
5% 적립
골프
5% 적립","국내전용 30,000원 / 해외겸용 30,000원",전월실적 50만원 이상
탄탄대로 Biz 티타늄카드,"SK, GS칼텍스
최대 120점/L 적립
3대 대형할인점
15% 적립
6대 온라인쇼핑몰
15% 적립","국내전용 40,000원 / 해외겸용 40,000원",전월실적 40만원 이상
Easy study 티타늄카드,"온라인강의
5% 할인
종합스포츠센터
3% 할인
서점
5% 할인","국내전용 35,000원 / 해외겸용 35,000원",전월실적 50만원 이상
Easy all 카드,"16개 영역 중
선택형 할인
배달앱
10% 할인
대중교통
7% 할인","국내전용 20,000원 / 해외겸용 20,000원",전월실적 50만원 이상
가온올림카드(실속형),"국내가맹점
0.7% 적립
주말/공휴일
0.5% 추가적립
음식·교통
0.5% 추가적립","해외겸용 15,000원 / 해외겸용 20,000원",전월실적 없음
The CJ KB국민카드,"CJ푸드빌 최대
20% 할인
CJ오쇼핑
5% 할인
CGV 최대
6천원 할인","국내전용 5,000원 / 해외겸용 10,000원",전월실적 없음
Liiv M 카드,"통신요금 자동이체
최대 1만 5천원 청구할인
Liiv M
마스터 티타늄 서비스","국내전용 20,000원 / 해외겸용 20,000원",전월실적 50만원 이상
T-economy KB국민카드,"SKT통신요금 최대
17,000원 할인","국내전용15,000원 / 해외겸용15,000원",전월실적 30만원 이상
마일리지 가온카드(아시아나),"국내 1,000원당
1마일 적립
해외 1,000원당
2마일 적립
면세 1,000원당
2마일 적립","국내전용 15,000원 / 해외겸용 20,000원",전월실적 없음
wavve카드,"wavve 월 이용권
7,900원 청구할인
식음료
10% 청구할인
멤버십 구독
20% 청구할인","국내전용 15,000원 / 해외겸용 15,000원",전월실적 30만원 이상
스카이패스 KB국민카드,"일시불/할부 1,500원당
1마일 기본적립
GS칼텍스 1,500원당
1.5마일 적립
해외 1,500원당
0.5마일 적립","해외겸용 15,000원",전월실적 없음
알뜰폰 Hub Ⅱ 카드,"알뜰폰 통신요금
최대 1만7천원 할인","국내전용 15,000원 / 해외겸용 15,000원",전월실적 30만원 이상
가온 워킹업카드,"국내가맹점
0.7% 적립
건강관련
2.3% 추가적립
해외이용금액
3% 캐시백","해외겸용 15,000원",전월실적 없음
삼성페이 KB국민카드,"삼성페이 간편결제
10% 청구할인
주요생활영역
5% 청구할인","해외겸용 15,000원",전월실적 40만원 이상
탄탄대로 Biz 카드,"주유소/충전소 최대
130점/L 적립
쇼핑몰 최대
20% 적립
대형할인점 최대
20% 적립","국내전용 15,000원 / 해외겸용 15,000원",전월실적 40만원 이상
toss KB국민카드,"모든가맹점
1% 기본적립
스타벅스
4% 추가적립","국내전용 20,000원 / 해외겸용 20,000원",전월실적 없음
청춘대로카드,"온라인쇼핑몰
10% 할인
대중교통/택시
10% 할인
연간리워드
1만점 적립","국내전용 15,000원 / 해외겸용 20,000원",전월실적 30만원 이상
ONE카드,"국내가맹점
0.7% 적립
해외이용금액
2.0% 캐시백
맥스무비
3,500원 할인","해외겸용 15,000원",전월실적 없음
아시아나 올림카드,"국내 1,500원당
2마일 적립
해외 1,500원당
3마일 적립","국내전용 28,000원 / 해외겸용 30,000원",전월실적 없음
Easy ring 티타늄카드,"통신요금 최대
2만5천원 할인
배달앱
2천원 할인
온라인쇼핑
5% 할인","국내전용 30,000원 / 해외겸용 30,000원",전월실적 50만원 이상
KB국민 국민행복카드,"쇼핑
5% 할인
교육, 학습지
5% 할인
관리비, 통신비
5% 할인",국내전용 없음,전월실적 40만원 이상
톡톡 with카드,"스타벅스
50% 할인
온라인 간편결제
10% 할인
구독서비스
20% 할인","국내전용 12,000원 / 해외겸용 12,000원",전월실적 40만원 이상
Easy shopping 티타늄카드,"온라인쇼핑몰/마트
10% 적립
KB Pay 이용 시
5% 추가적립
관리비/편의점/배달앱
5% 적립","국내전용 30,000원 / 해외겸용 30,000원",전월실적 50만원 이상
BeV Ⅸ 토탈마일 카드,"1,500원당 최대
2.3토탈마일 적립
왕복항공권
무료 쿠폰
호텔 객실 최대
30% 할인","해외겸용 1,000,000원",전월실적 없음
kt M mobile카드,"kt M mobile 통신료
최대 1만 7천원 할인","해외겸용 15,000원",전월실적 30만원 이상
SK LPG SAVE KB국민카드,"SK에너지(LPG) 충전시
1,500원 정액할인
엔진오일
연 1회 무료교환
패밀리레스토랑
10% 청구할인","국내전용 3,000원 / 해외겸용 5,000원",전월실적 30만원 이상
가온 Biz카드,"국내가맹점
0.3% 기본적립
해외이용금액
2% 기본적립
업종별 최대
1% 추가적립","해외겸용 15,000원",전월실적 50만원 이상
모바일101카드,"삼성페이/Kmotion
5% 할인
소셜커머스
5% 할인
버스/지하철
5% 할인","해외겸용 1,000원",전월실적 20만원 이상
Liiv M Ⅱ 카드,"이동통신요금 최대
1만7천원 할인","국내전용 15,000원 / 해외겸용 15,000원",전월실적 30만원 이상
알뜰폰 Hub 카드,"알뜰폰 통신요금
최대 1만5천원 할인
공항&호텔
티타늄서비스 제공","국내전용 20,000원 / 해외겸용 20,000원",전월실적 50만원 이상
SK에너지 러브유 KB국민카드,"SK에너지 충전시
100원/L 청구할인
엔진오일
연 1회 무료교환
버스,지하철
10% 청구할인","국내전용 7,000원 / 해외겸용 12,000원",전월실적 30만원 이상
반려愛카드(강아지),"반려동물 업종
10% 할인
대형마트
5% 할인
온라인쇼핑몰
5% 할인","해외겸용 8,000원",전월실적 30만원 이상
KB국민 펫코노미 카드,"반려동물업종
30% 할인
대형마트
5% 할인
반려견단체보험
무료 가입","국내전용 30,000원 / 해외겸용 30,000원",전월실적 30만원 이상
마일리지 가온카드(대한항공),"국내 1,500원당
1마일 적립
해외 1,500원당
2마일 적립
면세 1,500원당
2마일 적립","국내전용 15,000원 / 해외겸용 20,000원",전월실적 없음
마이핏카드(할인형),"외식/커피
5% 할인
마트/주유/통신
5% 할인
쇼핑/배달
5% 할인","국내전용 10,000원 / 해외겸용 10,000원",전월실적 30만원 이상
Easy fly 티타늄카드,"저비용항공사
5% 할인
해외이용
3% 캐시백
면세점
5% 할인","국내전용 35,000원 / 해외겸용 35,000원",전월실적 50만원 이상
제주항공 Refresh Point KB국민카드,"제주항공 포인트
10P/1,200원 적립
공항라운지
무료 이용","해외겸용 20,000원",전월실적 없음
청춘대로 꿀잠α카드,"숙박/숙박App
20% 할인
여객/운송/인테리어
20% 할인
해외이용
3% 캐시백","국내전용 15,000원 / 해외겸용 15,000원",전월실적 40만원 이상
E1 LPG KB국민카드,"E1 LPG충전소
100원/L 할인
인터넷 쇼핑몰
10% 할인
CGV
10% 할인","해외겸용 20,000원",전월실적 50만원 이상
아시아나항공 KB국민카드,"1,000원당
1마일 적립
포인트리
5.0% 추가적립","국내전용 13,000원 / 해외겸용 15,000원",전월실적 없음
GS행복가득카드,"GS칼텍스
100원/L 할인
오토오아시스 엔진오일
무료 교환
대중교통
10% 할인","국내전용 7,000원 / 해외겸용 12,000원",전월실적 30만원 이상
KMVNO 알뜰폰 카드,"KMVNO 알뜰폰 통신요금
최대 1만7천원 할인","국내전용 15,000원 / 해외겸용 15,000원",전월실적 30만원 이상
Easy shopping 카드,"온라인쇼핑몰/마트
10% 적립
KB Pay 이용 시
5% 추가적립
관리비/편의점/배달앱
5% 적립","국내전용 15,000원 / 해외겸용 15,000원",전월실적 50만원 이상
KB Pay 챌린지카드,"KB Pay 3회 이용시
1천포인트리 적립
매 주 포인트리
1천점 적립","국내전용 15,000원 / 해외겸용 15,000원",전월실적 없음
몰테일 KB국민카드,"몰테일포인트
2% 적립
국내가맹점
0.5% 기본적립
해외가맹점 최대
3% 적립","국내전용 12,000원 / 해외겸용 12,000원",전월실적 없음
에듀카드,"교육관련 업종
5~7% 청구할인
약국
10% 할인","해외겸용 35,000원",전월실적 100만원 이상
청춘대로 꿀잼α카드,"놀이업종
50% 청구할인
스포츠,레저,공연,음악
20% 청구할인
영화
4,000원 할인","국내전용 15,000원 / 해외겸용 15,000원",전월실적 40만원 이상
청춘대로 매니아i카드,"대중교통
5% 적립
커피/디저트
10% 적립
해외이용금액
3% 캐시백","국내전용 12,000원 / 해외겸용 15,000원",전월실적 40만원 이상
Easy auto 티타늄카드,"영화관
3천점 적립
자동차보험
1만점 적립
SK, GS칼텍스
150점/L 적립","국내전용 30,000원 / 해외겸용 30,000원",전월실적 50만원 이상
EVO 티타늄카드,"전기/수소차 충전
50% 적립
녹색매장, 친환경포장
5% 적립
기부생활
1+1 적립","국내전용 30,000원 / 해외겸용 30,000원",전월실적 50만원 이상
KB Pay 챌린지+카드,"KB Pay 3회 이용시
1천포인트리 적립
매 주 포인트리
1천점 적립
이용 리워드
4천점 적립","국내전용 30,000원 / 해외겸용 30,000원",전월실적 없음
골든라이프올림카드,"병원 or 마트
5% 할인
생활편의서비스
10% 할인
연간리워드
1만점 적립","국내전용 15,000원 / 해외겸용 20,000원",전월실적 30만원 이상
탄탄대로 웰컴카드,"대형마트/백화점
10% 할인
편의점/홈쇼핑
5% 할인
교통/이동통신
5% 할인","해외겸용 15,000원",전월실적 30만원 이상
11Pay KB국민카드,"11번가 11Pay 결제시
11% 적립
생활밀착업종
5% 적립
OK캐쉬백
0.1% 기본적립","해외겸용 15,000원",전월실적 40만원 이상
하나투어 KB국민카드,"하나투어 마일리지
최대 10% 적립
환전 시
30% 우대서비스
영화
3,500원 할인","국내전용 10,000원 / 해외겸용 10,000원",전월실적 없음
Clip카드,"KT통신요금 최대
1만7천원 할인","해외겸용 15,000원",전월실적 30만원 이상
SK 7mobile카드,"SK 7mobile 통신료
최대 1만7천원 할인","해외겸용 15,000원",전월실적 30만원 이상
골프존 KB국민카드,"골프존
20% 할인
골프연습장
5% 할인
모든 주유소
60원/L 할인","국내전용 12,000원 / 해외겸용 17,000원",전월실적 30만원 이상
LG전자 KB국민카드,"라이트할부 최대
1만5천원 할인
렌탈요금 최대
1만5천원 할인","해외겸용 15,000원",전월실적 30만원 이상
S-OIL LPG KB국민카드,"S-OIL(LPG) 충전시
1,800원 정액할인
엔진오일
연 1회 무료교환
맥스무비 1매당
3,500원 현장할인","국내전용 5,000원 / 해외겸용 10,000원",전월실적 30만원 이상
Easy pick카드,"인터넷쇼핑
5% 적립
선호영역(택1)
5% 적립
교통, 통신
5% 적립","국내전용 20,000원 / 해외겸용 20,000원",전월실적 50만원 이상
청춘대로 꿀맛α카드,"음식/배달App 건당
2,000원 할인
커피/제과 건당
1,000원 할인
알파원오토체인지
5% 할인","국내전용 15,000원 / 해외겸용 15,000원",전월실적 40만원 이상
레고랜드카드,"레고랜드
10% 청구할인
배달앱
10% 청구할인
온라인쇼핑
5% 청구할인","국내전용 20,000원 / 해외겸용 20,000원",전월실적 40만원 이상
톡톡 구독카드,"카카오 구독ON
최대 1만원 할인
카카오 My구독
50% 청구할인
음원/영상 구독
10% 청구할인","국내전용 30,000원 / 해외겸용 30,000원",전월실적 40만원 이상
해피포인트 KB국민카드,"해피포인트 가맹점
10~30% 할인
온라인쇼핑
5% 할인
영화
3,500원 할인","해외겸용 5,000원",전월실적 10만원 이상
넥센타이어 KB국민카드,"넥센타이어 렌탈료
최대2만원 할인
영화
3,500원 할인
놀이공원 최대
50% 할인","해외겸용 12,000원 / 해외겸용 14,000원",전월실적 30만원 이상
Green Wave 1.5℃카드,"전기/수소차 충전소
10% 적립
친환경 마켓
20% 적립
영상/음원서비스
1천점 적립","국내전용 15,000원 / 해외겸용 15,000원",전월실적 40만원 이상
U＋ 알뜰모바일카드,"U+ 알뜰모바일 통신료
최대 1만7천원 할인","해외겸용 15,000원",전월실적 30만원 이상
마이핏카드(적립형),"간편결제
1.5% 적립
편의점/택시
1천점 적립
쇼핑/배달
5% 적립","국내전용 30,000원 / 해외겸용 30,000원",전월실적 50만원 이상
위메프페이 신용카드,"위메프
2% 적립
위메프오
1% 적립
생활영역/구독서비스
5% 적립","국내전용 20,000원 / 해외겸용 20,000원",전월실적 없음
이마트II KB국민카드(옐로우),"이마트/트레이더스
최대 30% 청구할인
스타벅스
최대 10% 청구할인
구독서비스
10% 청구할인","국내전용 15,000원 / 해외겸용 15,000원",전월실적 50만원 이상
GS SHOP KB국민카드,"GS SHOP
12% 할인
편의점
10% 할인
이동통신
5% 할인","국내전용 25,000원 / 해외겸용 25,000원",전월실적 40만원 이상
갤러리아 KB국민카드,"갤러리아 백화점
5% 현장할인
갤러리아 백화점(Mall)
5% 청구할인
갤러리아 백화점(Mall)
천원당 1마일리지 적립","국내전용 15,000원 / 해외겸용 15,000원",전월실적 50만원 이상
모두투어 투어마일리지 KB국민카드,"모두투어마일리지
최대30점 적립
외식/커피
10% 할인
놀이공원
최대50% 할인","해외겸용 15,000원",전월실적 없음
에버랜드 판다카드,"에버랜드 자유이용권
50% 할인
에버랜드 연간회원권
10% 할인
캐리비안베이
30% 할인","해외겸용 12,000원 / 해외겸용 17,000원",전월실적 30만원 이상
요기패스 신용카드,"요기패스 구독료
9,900원 할인
넷플릭스, 웨이브
10% 할인
생활업종
5% 할인","국내전용 15,000원 / 해외겸용 15,000원",전월실적 30만원 이상
웅진씽크빅 카드,"웅진씽크빅 자동납부
최대 1만7천원 할인","국내전용 15,000원 / 해외겸용 15,000원",전월실적 30만원 이상
H.Point KB국민카드,"현대백화점그룹
1.5% 적립
편의점
5% 할인
영화
3,500원 할인","해외겸용 12,000원",전월실적 없음
레고랜드매니아카드,"레고랜드
30% 할인
레고/완구
10% 할인
연간 리워드
8만점 적립","국내전용 100,000원 / 해외겸용 100,000원",전월실적 40만원 이상
커피빈 신용카드,"커피빈 최대
1만8천원 할인
커피빈 쿠폰
1만원권 제공
주요 생활 영역
5% 할인","국내전용 20,000원 / 해외겸용 20,000원",전월실적 50만원 이상
해피포인트 해피리워드 카드,"해피포인트
최대 35% 적립
생활영역
5% 적립
구독서비스
10% 적립","국내전용 15,000원 / 해외겸용 15,000원",전월실적 30만원 이상
KB국민 윙크카드,"윙크 학습비 자동이체
최대 1만5천원 할인","국내전용 20,000원 / 해외겸용 20,000원",전월실적 50만원 이상
AK KB국민카드,"AK플라자 최대
10% 할인
제주항공
10% 할인
영화
3,500원 할인","해외겸용 12,000원",전월실적 30만원 이상
LFmall 신용카드,"LFmall
5% 할인
국내외가맹점
0.5% 적립","국내전용 15,000원 / 해외겸용 15,000원",전월실적 없음
노리체크카드,"대중교통
10% 청구할인
이동통신요금
2,500원 환급할인
CGV
35% 환급할인",국내전용 없음 / 해외겸용 없음,전월실적 20만원 이상
노리2 체크카드(KB Pay),"커피, 모바일, 문화
10% 할인
뷰티, 편의점
5% 할인
KB Pay
2% 추가 할인",국내전용 없음 / 해외겸용 없음,전월실적 20만원 이상
노리2 체크카드(Global),"커피,모바일,문화
10% 할인
해외 가맹점
2% 할인
공항라운지
연 1회 이용권",국내전용 없음 / 해외겸용 없음,전월실적 20만원 이상
카카오페이 KB국민 체크카드,"카카오페이 결제
2% 적립
커피전문점
1% 카카오페이머니 적립
대중교통
1% 카카오페이머니 적립",국내전용 없음 / 해외겸용 없음,전월실적 30만원 이상
직장인보너스체크카드,"국세/지방세
7,000원 할인
GS칼텍스
60~50원/L 할인
백화점
5% 할인",국내전용 없음 / 해외겸용 없음,전월실적 20만원 이상
위글위글 첵첵 체크카드,"네이버페이,카카오페이
2~4천원 할인
스타벅스
2~4천원 할인
텐바이텐
2~4천원 할인",국내전용 없음 / 해외겸용 없음,전월실적 30만원 이상
나라사랑체크카드,"P.X / GS25해군마트 최대
20% 할인
대중교통
20% 할인
영화
35% 할인",국내전용 없음,전월실적 10만원 이상
민 체크카드,"대형마트
5% 할인
SK에너지
60원/L 할인
대중교통
5% 할인",국내전용 없음 / 해외겸용 없음,전월실적 30만원 이상
락스타 체크카드,"대중교통
10% 청구할인
이동통신요금
2,500원 환급할인
CGV
35% 환급할인",국내전용 없음 / 해외겸용 없음,전월실적 20만원 이상
펭수 노리 체크카드(펭카),"대중교통
10% 청구할인
이동통신요금
2,500원 환급할인
CGV
35% 환급할인",국내전용 없음 / 해외겸용 없음,전월실적 20만원 이상
가온 올포인트 체크카드,"국내외 가맹점
0.2% 기본적립
대형마트
0.8% 추가적립
GS칼텍스
0.8% 추가적립",국내전용 없음 / 해외겸용 없음,전월실적 10만원 이상
청춘대로 싱글 체크카드,"편의점
10~5% 할인
다이소/소셜커머스
10~5% 할인
동물병원
10% 할인",해외겸용 없음,전월실적 30만원 이상
쏘영 체크카드,"스트리밍
5% 할인
패스트푸드
5% 할인
편의점
5% 할인",국내전용 없음 / 해외겸용 없음,전월실적 5만원 이상
스타체크카드,"GS칼텍스
60~50원/L 할인
CGV
3,000원 할인
이동통신요금
2,500원 할인",국내전용 없음 / 해외겸용 없음,전월실적 20만원 이상
KB국민 국민행복체크,"병원
5% 할인
키즈카페, 학습지
5% 할인
단체보험
무료 가입",국내전용 없음,전월실적 30만원 이상
해피노리체크카드,"대중교통
10% 할인
스타벅스
20% 할인
CGV
35% 할인",국내전용 없음 / 해외겸용 없음,전월실적 20만원 이상
H.Point 체크카드,"H.Point
0.2% 기본적립
현대백화점그룹
0.5% 추가적립
스타벅스
5% 할인",국내전용 없음 / 해외겸용 없음,전월실적 30만원 이상
포인트리체크카드,"GS칼텍스
60~50점/L 포인트리 적립
CGV
3,000원 포인트리 적립
이동통신요금
2,500점 포인트리 적립",국내전용 없음 / 해외겸용 없음,전월실적 20만원 이상
훈 체크카드,"학원
7% 할인
서점
5% 할인
대중교통
5% 할인",국내전용 없음 / 해외겸용 없음,전월실적 30만원 이상
그린재킷 체크카드,"골프연습장
5% 할인
골프웨어
5% 할인
주유소
5% 할인",국내전용 없음 / 해외겸용 없음,전월실적 30만원 이상
아시아나 체크카드,"전가맹점
2,500원당 1마일 적립
소셜커머스
5% 할인
스타벅스
5% 할인",국내전용 없음 / 해외겸용 없음,전월실적 30만원 이상
비트윈체크카드,"패밀리레스토랑
15~10% 할인
영화
20% 할인
GS25
5% 할인",국내전용 없음 / 해외겸용 없음,전월실적 20만원 이상
누리체크카드,"모든가맹점
0.2% 환급할인
주말/공휴일
0.2% 추가환급할인
대중교통/택시
0.2% 추가환급할인",국내전용 없음 / 해외겸용 없음,전월실적 30만원 이상
해외에선 체크카드,"여행업종
5% 할인
배달앱
5% 할인
해외 물품 구매 수수료
1.25% 캐시백",국내전용 없음 / 해외겸용 없음,전월실적 30만원 이상
리브 NEXT카드,"편의점
5% 환급할인
올리브영
5% 환급할인
구글 플레이/앱스토어
5% 환급할인",국내전용 없음,전월실적 없음
KB국민 티머니노리학생증 체크카드(블루_세로형),"이동통신요금
2,500원 환급할인
스타벅스
20% 환급할인
GS25
5% 환급할인",국내전용 없음,전월실적 20만원 이상
Liiv Mate 체크카드,"국내외 가맹점
0.2% 기본적립
커피/제과아이스크림
0.8% 추가적립
영화
0.8% 추가적립",국내전용 없음,전월실적 30만원 이상
새로이 체크카드,"편의점
5% 할인
이동통신요금
5% 할인
정기구독
5% 할인",국내전용 없음 / 해외겸용 없음,전월실적 30만원 이상
KB국민 우리동네 체크카드,"세탁소, 정육점
10% 할인
슈퍼마켓
5% 할인
번개장터
5% 할인",국내전용 없음 / 해외겸용 없음,전월실적 20만원 이상
샘 쏘영 체크카드,"스트리밍
5% 할인
패스트푸드
5% 할인
편의점
5% 할인",국내전용 없음 / 해외겸용 없음,전월실적 5만원 이상
ONE 체크카드,"모든가맹점
0.2% 기본적립
주말/공휴일
0.2% 추가적립
대중교통/택시
0.2% 추가적립",해외겸용 없음,전월실적 10만원 이상
KB국민 티머니 노리 학생증체크카드(퍼플),"이동통신요금
2,500원 환급할인
스타벅스
20% 환급할인
GS25
5% 환급할인",국내전용 없음,전월실적 20만원 이상
펭수 노리 체크카드(펭모티콘),"대중교통
10% 청구할인
이동통신요금
2,500원 환급할인
CGV
35% 환급할인",국내전용 없음 / 해외겸용 없음,전월실적 20만원 이상
탐나는전 체크카드,"국내외가맹점
0.2% 기본적립
주말/공휴일
0.2% 추가적립
대중교통/택시
0.2% 추가적립",국내전용 없음,전월실적 10만원 이상
가온체크카드,"모든가맹점
0.2% 적립
주말/공휴일
0.2% 추가적립
대중교통/택시
0.2% 추가적립",국내전용 없음,전월실적 10만원 이상
LG U+ 체크카드,"LGU+ 이동통신요금
6,000원~4,000원 할인
스타벅스
10% 할인
CGV
10% 할인",해외겸용 없음,전월실적 30만원 이상
Liiv M 체크카드,"통신요금
5% 할인
야놀자
3% 할인
CU편의점
3% 할인",국내전용 없음 / 해외겸용 없음,전월실적 30만원 이상
Young Youth 체크카드,"뷰티/편의점
5% 할인
패스트푸드
5% 할인
온라인쇼핑
5% 할인",국내전용 없음 / 해외겸용 없음,전월실적 5만원 이상
티머니 체크카드,"영화
20% 할인
놀이공원
30% 할인
패밀리레스토랑 최대
15% 할인",국내전용 없음 / 해외겸용 없음,전월실적 20만원 이상
KB국민 티머니노리학생증 체크카드(그린_세로형),"이동통신요금
2,500원 환급할인
스타벅스
20% 환급할인
GS25
5% 환급할인",국내전용 없음,전월실적 없음
해피락스타 체크카드,"스타벅스
20% 할인
CGV
35% 할인
이동통신요금
2,500원 할인",국내전용 없음 / 해외겸용 없음,전월실적 20만원 이상
AK KB국민 체크카드,"AK플라자
5% 할인
제주항공
5% 할인
커피전문점
5% 할인",국내전용 없음 / 해외겸용 없음,전월실적 30만원 이상
레고랜드 체크카드,"레고랜드
5% 환급할인
스타벅스
20% 환급할인
대중교통
10% 환급할인",국내전용 없음 / 해외겸용 없음,전월실적 30만원 이상
아이행복 체크카드,"인터넷쇼핑몰
5% 할인
약국
5% 할인",해외겸용 없음,전월실적 10만원 이상
해피CU포인트 체크카드,"CU편의점
2% 제휴포인트 적립
해피포인트 가맹점
2% 제휴포인트 적립
대중교통/택시
1% KB포인트리 적립",해외겸용 없음,전월실적 30만원 이상
KB국민 티머니노리학생증 체크카드(그린),"이동통신요금
2,500원 환급할인
스타벅스
20% 환급할인
GS25
5% 환급할인",국내전용 없음,전월실적 20만원 이상
KB국민 티머니노리학생증 체크카드(블루),"이동통신요금
2,500원 환급할인
스타벅스
20% 환급할인
GS25
5% 환급할인",국내전용 없음,전월실적 없음
KB국민 티머니노리학생증 체크카드(세로형_퍼플),"이동통신요금
2,500원 환급할인
스타벅스
20% 환급할인
GS25
5% 환급할인",국내전용 없음,전월실적 20만원 이상
아모레퍼시픽 체크카드,"아모레퍼시픽 가맹점
10% 할인
해피포인트 가맹점
5% 할인
스타벅스
10% 할인",국내전용 없음 / 해외겸용 없음,전월실적 30만원 이상
위메프페이 체크카드,"위메프/위메프오
1% 적립
GS25편의점
2% 적립
커피/제과업종
5% 적립",국내전용 없음 / 해외겸용 없음,전월실적 없음
음 체크카드,"한식업종
5% 할인
커피전문점
5% 할인
대중교통
5% 할인",국내전용 없음 / 해외겸용 없음,전월실적 30만원 이상
정 체크카드,"백화점
7% 할인
홈쇼핑/온라인쇼핑
5% 할인
미용실/화장품
5% 할인",국내전용 없음 / 해외겸용 없음,전월실적 30만원 이상
해피리워드 체크카드,"해피오더 결제 시
1천원 할인
해피마켓 결제 시
1천원 할인
해피가맹점 결제 시
1천원 할인",국내전용 없음 / 해외겸용 없음,전월실적 10만원 이상
LOCA 365 카드,"아파트관리비, 공과금
10% 할인
교통, 통신, 배달앱
10% 할인
스트리밍
1,500원 할인","국내전용 20,000원 / 해외겸용 20,000원",전월실적 50만원 이상
LOCA LIKIT 1.2,"모든가맹점
1.2% 할인
온라인
1.5% 할인","국내전용 10,000원 / 해외겸용 10,000원",전월실적 없음
LOCA LIKIT Play,"주유소
60% 할인
영화
60% 할인
구독서비스
60% 할인","국내전용 10,000원 / 해외겸용 10,000원",전월실적 40만원 이상
LOCA LIKIT - Manhattan Yellow,"스타벅스 최대
60% 할인
영화
50% 할인
이동통신
10% 할인","국내전용 10,000원 / 해외겸용 10,000원",전월실적 40만원 이상
LOCA LIKIT Eat,"음식점
60% 할인
배달앱
60% 할인
커피
60% 할인","국내전용 10,000원 / 해외겸용 10,000원",전월실적 40만원 이상
롯데백화점 롯데카드,"롯데백화점
15% 할인
롯데백화점
5% e-쿠폰
롯데백화점
12개월 할부서비스","국내전용 10,000원 / 해외겸용 15,000원",전월실적 30만원 이상
SKYPASS 롯데 아멕스카드,"1,000원당
국내 1마일 적립
1,000원당
해외 2마일 적립
SKYPASS
회원 할인 서비스","해외겸용 20,000원",전월실적 없음
LOCA LIKIT - New York Blue,"스타벅스 최대
60% 할인
영화
50% 할인
이동통신
10% 할인","국내전용 10,000원 / 해외겸용 10,000원",전월실적 40만원 이상
LOCA LIKIT Shop,"온라인쇼핑
60% 할인
미용실
60% 할인
편의점
60% 할인","국내전용 10,000원 / 해외겸용 10,000원",전월실적 40만원 이상
롯데백화점 FLEX카드,"국내외가맹점
0.5% 적립
스트리밍
30% 할인
커피
50% 할인","국내전용 100,000원 / 해외겸용 100,000원",전월실적 50만원 이상
롯데포인트 플러스 카드,"L.POINT
더블포인트 적립
6개월
슬림할부 서비스
롯데백화점
5% 할인쿠폰","국내전용 5,000원 / 해외겸용 5,000원",전월실적 없음
아멕스 플래티넘 아시아나클럽 롯데카드,"아시아나마일리지
1천원당 1마일 적립
공항라운지
무료이용 서비스","국내전용 55,000원 / 해외겸용 55,000원",전월실적 50만원 이상
쿠팡 롯데카드,"쿠팡
15% 할인
외식업종
10% 할인
롯데월드
50% 할인","국내전용 5,000원 / 해외겸용 10,000원",전월실적 20만원 이상
I’m YOLO 플래티넘,"1,000원당
1마일 적립
특별가맹점
1마일 추가적립
공항라운지
무료 이용","국내전용 48,000원 / 해외겸용 50,000원",전월실적 50만원 이상
LOCA Mobility 반띵 카드,"대중교통
50% 할인
로카모빌리티카드
무료 제공
카페/미용실/쇼핑/스트리밍
50% 할인","국내전용 17,000원 / 해외겸용 17,000원",전월실적 40만원 이상
I’m ACTIVE,"병원, 약국
5% 캐시백
보험료
5% 캐시백
월 이용 TOP3
5% 캐시백","국내전용 15,000원 / 해외겸용 15,000원",전월실적 40만원 이상
하나은행 밀리언달러 카드,"국제브랜드사 수수료
면제 서비스
해외 온라인가맹점
5% 캐시백
스트리밍
50% 할인","국내전용 15,000원 / 해외겸용 15,000원",전월실적 없음
LOCA CLASSIC,"국내외가맹점
최대1% 할인
하나의 전월 실적으로
두 장의 카드 혜택","국내전용 20,000원 / 해외겸용 20,000원",전월실적 150만원 이상
네이버페이 플래티넘 롯데카드,"일반가맹점
0.5% 적립
네이버페이가맹점
3% 적립","국내전용 15,000원 / 해외겸용 15,000원",전월실적 없음
I’m GREAT,"통신/공과금/교육/보험
5~10% 할인
마트/슈퍼
5~10% 할인
의료/교통/편의점
5~10% 할인","국내전용 15,000원 / 해외겸용 15,000원",전월실적 50만원 이상
카카오뱅크 롯데카드,"국내외가맹점
0.5% 캐시백
스페셜가맹점
5% 캐시백","국내전용 15,000원 / 해외겸용 15,000원",전월실적 없음
롯데 국민행복카드,"어린이집보육료
10% 할인
병원
5% 할인
학원
10% 할인",국내전용 없음 / 해외겸용 없음,전월실적 30만원 이상
네이버페이 쇼핑엔로카,"장기할부 이용 시
최대 15,000 포인트 적립
장기할부 미 이용 시
1% 포인트 적립
장기할부 서비스
최대 36개월 제공","국내전용 10,000원 / 해외겸용 10,000원",전월실적 없음
I’m DRIVING,"주유소
5천원 할인
대리운전
5% 할인
엔진오일교환
2만5천원 할인","국내전용 18,000원 / 해외겸용 18,000원",전월실적 50만원 이상
LOCA 나누기 카드,"이용금액에 따라
최대 6개월 나누기 혜택 제공","국내전용 20,000원 / 해외겸용 20,000원",전월실적 없음
New PAYCO 롯데카드,"PAYCO 결제시
3% 적립
국내외가맹점 최대
0.7% 적립","국내전용 15,000원 / 해외겸용 15,000원",전월실적 없음
LOCA MONEY,"국내외가맹점
1% 적립
카드대출 이용시
2% 적립","국내전용 20,000원 / 해외겸용 20,000원",전월실적 없음
롯데마트&MAXX 카드,"롯데마트
최대 10% 할인
5대 생활업종
최대 5% 할인","국내전용 20,000원 / 해외겸용 20,000원",전월실적 100만원 이상
I’m WONDERFUL platinum,"국내외가맹점
최대0.7% 할인
10만원 이상
최대1.4% 할인
공항라운지
무료 이용","국내전용 35,000원 / 해외겸용 35,000원",전월실적 30만원 이상
ALL MY LIVING,"교통/의료/교육
5% 할인
마트/슈퍼/편의점
5% 할인
통신/관리비
5% 할인","국내전용 15,000원 / 해외겸용 18,000원",전월실적 50만원 이상
ALL MY DRIVING,"주유
80원/L 할인
롯데마트/교통
10% 할인
엔진오일
25,000원 할인","국내전용 15,000원 / 해외겸용 15,000원",전월실적 30만원 이상
세븐일레븐 멤버쉽롯데카드,"세븐일레븐
10% 할인
2년차부터
연회비면제 서비스
미용실 최대
20% 할인","국내전용 5,000원",전월실적 없음
올마이쇼핑 카드 (해외),"쇼핑
5% 할인
편의점
5% 할인
해외
10% 할인","해외겸용 15,000원",전월실적 50만원 이상
ALL MY POINT,"모든가맹점
1% 적립
교통/통신/마트
1.5% 적립
주유/해외
1.5% 적립","국내전용 15,000원 / 해외겸용 18,000원",전월실적 50만원 이상
E1 LPG 롯데카드,"E1 LPG 충전소
87P/L 적립
하이패스
30% 적립
자동차보험료
3만원 할인","국내전용 15,000원",전월실적 30만원 이상
나무 롯데카드,"국내외가맹점 최대
1.0% 캐시백
버스, 지하철
50% 캐시백
커피
50% 캐시백","국내전용 20,000원 / 해외겸용 20,000원",전월실적 없음
LOCA for Shopping,"마트
10% 할인
온라인쇼핑
10% 할인
편의점
10% 할인","국내전용 20,000원 / 해외겸용 20,000원",전월실적 150만원 이상
LOCA PLATINUM 마일리지형,"1,500원당
1마일 기본적립
공항라운지
무료 이용
바우처
5만원 제공","국내전용 100,000원 / 해외겸용 100,000원",전월실적 없음
경차 smart 롯데카드,"경차
유류세 환급
주유소
리터당 80원 할인
스피드메이트
엔진오일 할인",국내전용 없음 / 해외겸용 없음,전월실적 30만원 이상
샤롯데 플래티넘 스타 카드,"스페셜기프트
5만원 제공
스타포인트
최대30만점 적립
롯데시네마, 엔제리너스
1+1 서비스","해외겸용 35,000원",전월실적 없음
ALL MY DC,"모든가맹점
1% 할인
교통/통신/마트
1.5% 할인
주유/해외
1.5% 할인","국내전용 15,000원 / 해외겸용 18,000원",전월실적 50만원 이상
삼성페이 롯데카드,"삼성페이 이용시 최대
1만 4천원 할인
외식업종 최대
20% 청구할인","국내전용 5,000원",전월실적 30만원 이상
롯데마트 롯데카드,"롯데마트
10% 청구할인
놀이공원
50% 할인
미용실 최대
20% 할인","국내전용 10,000원 / 해외겸용 15,000원",전월실적 20만원 이상
인터파크 롯데카드,"국내외 가맹점
0.5% 청구할인
인터파크
5% 청구할인","국내전용 10,000원 / 해외겸용 10,000원",전월실적 없음
Mobile x LOCA 롯데카드,"통신요금 최대
2만원 할인
모든가맹점 최대
1% 할인","국내전용 20,000원 / 해외겸용20,000원",전월실적 40만원 이상
케이뱅크 롯데카드,"국내외
최대 1% 캐시백
커피
50% 캐시백
대중교통
50% 캐시백","국내전용 15,000원 / 해외겸용 15,000원",전월실적 없음
LOCA 100 Life,"생활업종
5% 할인
자동차보험료
3만원 할인","국내전용 20,000원 / 해외겸용 20,000원",전월실적 75만원 이상
롤라카드,"롯데계열사
7% 적립
주유소
1% 적립
롯데주요매장
5% 할인","국내전용 15,000원 / 해외겸용 15,000원",전월실적 40만원 이상
I’m CHEERFUL,"음식점
5% 할인
시내버스/지하철
10% 할인
점심음식점
10% 할인","국내전용 15,000원 / 해외겸용 15,000원",전월실적 50만원 이상
LOCA X 구독,"렌탈료 월 최대
25,000원 할인
장기할부 최대
25,000원 캐시백","국내전용 20,000원 / 해외겸용 20,000원",전월실적 30만원 이상
아시아나클럽 롯데 플래티넘 카드,"1,000원당
1마일 적립
국내선 동반자
무료항공권 서비스
공항라운지
무료 입장","해외겸용 120,000원",전월실적 없음
LOCA PLATINUM 할인형,"국내외가맹점
최대1% 할인
공항라운지
무료 이용
바우처
5만원 제공","국내전용 100,000원 / 해외겸용 100,000원",전월실적 150만원 이상
위메프페이 롯데카드,"위메프페이 결제시
2% 적립
국내외가맹점
0.7% 적립","국내전용 20,000원 / 해외겸용 20,000원",전월실적 없음
올마이쇼핑 카드 (통신),"쇼핑업종
5% 할인
이동통신
10% 할인","국내전용 15,000원 / 해외겸용 15,000원",전월실적 50만원 이상
LOCA for Health,"병원
10% 할인
쇼핑
5% 할인
대중교통
10% 할인","국내전용 20,000원 / 해외겸용 20,000원",전월실적 150만원 이상
LOCA 100,"국내외가맹점 최대
1% 할인
온라인 영역
1.5% 할인
Flex Voucher
6만원 제공","국내전용 20,000원 / 해외겸용 20,000원",전월실적 75만원 이상
LOCA for Edu,"학원/학습지/유치원
5% 할인
서점/문구점
10% 할인","국내전용 20,000원 / 해외겸용 20,000원",전월실적 150만원 이상
뱅크샐러드 빨대카드,"커피 최대
25,000원 할인
스트리밍
50% 할인
배달앱 최대
1만원 할인","국내전용 20,000원 / 해외겸용 20,000원",전월실적 50만원 이상
L.CLASS L60 (스카이패스형),"국내외가맹점
1,500원당 1마일 적립
40만원 상당
스페셜기프트 제공
호텔/쇼핑/골프
프리미엄서비스 제공","국내전용 595,000원 / 해외겸용 600,000원",전월실적 없음
샤롯데 비앤 롯데카드,"기프트카드
3만원 제공
생활업종
10% 할인
공항라운지
연2회 무료","국내전용 47,000원 / 해외겸용 50,000원",전월실적 없음
I’m JOYFUL,"주말주유/야간요식
5~10% 할인
쇼핑
5~10% 할인
헬스케어/대중교통
5~10% 할인","국내전용 15,000원 / 해외겸용 15,000원",전월실적 50만원 이상
Jin Air - 롯데카드,"진에어항공권
10% 할인
커피전문점
5% 할인","국내전용 5,000원 / 해외겸용 6,000원",전월실적 30만원 이상
e플래티넘 롯데카드,"스페셜 기프트
2만원 캐시백
스마일페이 가맹점 월 최대
2만원 할인
스마일페이 가맹점 연 최대
3만원 할인","국내전용 18,000원 / 해외겸용 20,000원",전월실적 50만원 이상
L.CLASS L60 (아시아나클럽형),"국내외가맹점 1천원당
1마일 적립
40만원 상당
스페셜기프트 제공
호텔/쇼핑/골프
프리미엄서비스 제공","국내전용 595,000원 / 해외겸용 600,000원",전월실적 없음
올마이쇼핑 카드 (교통),"쇼핑업종
5% 할인
대중교통
10% 할인","국내전용 15,000원 / 해외겸용 15,000원",전월실적 50만원 이상
Flex카드 몽블랑 에디션,"국내외 가맹점
0.5% L.POINT 적립
스트리밍
30% 할인
커피
50% 할인","국내전용 100,000원 / 해외겸용 100,000원",전월실적 50만원 이상
LOTTE ONers 롯데카드,"일반 가맹점
0.5% 적립
LOTTE ON 온라인쇼핑몰
3% 특별적립","국내전용 5,000원 / 해외겸용 5,000원",전월실적 30만원 이상
롯데아울렛 롯데카드,"롯데아울렛
7% 청구할인
롯데몰
7% 청구할인
대중교통
5% 청구할인","국내전용 10,000원 / 해외겸용 15,000원",전월실적 없음
I’m Powerful,"국내외가맹점
0.5% 할인
커피
최대2% 할인
이동통신
최대5% 할인","국내전용 15,000원 / 해외겸용 15,000원",전월실적 40만원 이상
I’m Wonderful Plus,"국내외 가맹점
최대0.7% 할인
10만원 이상
최대1.4% 할인","국내전용 15,000원 / 해외겸용 15,000원",전월실적 40만원 이상
L.pay 롯데카드 Ⅱ,"플러스가맹점 L.pay결제
최대 1.5% 적립
일반가맹점 결제
최대 1% 적립","국내전용 10,000원 / 해외겸용 10,000원",전월실적 30만원 이상
롯데홈쇼핑 벨리곰 카드,"롯데홈쇼핑
7% 할인
롯데홈쇼핑 적립금
최대3.5% 적립
클럽롤라 서비스
무료 제공","국내전용 15,000원 / 해외겸용 15,000원",전월실적 40만원 이상
올마이쇼핑 카드 (점심),"쇼핑업종
5% 할인
음식점(점심)
10% 할인","국내전용 15,000원 / 해외겸용 15,000원",전월실적 50만원 이상
LOCA for Auto,"주유
100원/L 할인
자동차보험
1만원 할인
편의점
5% 할인","국내전용 20,000원 / 해외겸용 20,000원",전월실적 150만원 이상
골프존 롯데카드,"스크린골프
10% 청구할인
놀이공원
50% 할인
T.G.I.FRIDAY'S
10% 현장할인","국내전용 10,000원 / 해외겸용15,000원",전월실적 40만원 이상
뉴GS칼텍스 롯데카드,"주유소 리터당
60점 적립
미용실 최대
20% 현장할인
놀이공원
50% 현장할인","국내전용 5,000원 / 해외겸용10,000원",전월실적 없음
Kakaopage 롯데카드,"카카오페이지 결제시
5% 캐시백
국내외가맹점 최대
0.5% 캐시백","국내전용 15,000원 / 해외겸용 15,000원",전월실적 없음
L.PAY by 롤라카드(신용),"L.POINT 최대
2% 적립
클럽롤라 서비스
무료 제공","국내전용 15,000원 / 해외겸용 15,000원",전월실적 없음
MY RENTAL+ 롯데카드,"롯데렌탈 대여료
최대 3만원 할인
주유소(LPG포함)
5% 할인
전기차 충전
50% 할인","국내전용15,000원 / 해외겸용18,000원",전월실적 50만원 이상
캐롯손해보험 롯데카드,"보험료 최대
15,000원 할인","국내전용 20,000원 / 해외겸용 20,000원",전월실적 30만원 이상
GS&POINT 롯데카드,"GS SHOP
5% 할인
GS25
5% 할인
GS 칼텍스
3천원 할인","국내전용 15,000원 / 해외겸용 15,000원",전월실적 40만원 이상
LOCA for Coffee,"커피
50% 할인
스트리밍
20% 할인
교통
10% 할인","국내전용 20,000원 / 해외겸용 20,000원",전월실적 150만원 이상
Happy 디지털카드,"해피포인트가맹점
10% 적립
교통/학원/할인점업종
5% 적립
모든가맹점 최대
0.5% 적립","국내전용 15,000원 / 해외겸용 15,000원",전월실적 30만원 이상
L.CLASS L60 (L.POINT형),"국내외가맹점
1% 적립
40만원 상당
스페셜기프트 제공
호텔/쇼핑/골프
프리미엄서비스 제공","국내전용 595,000원 / 해외겸용 600,000원",전월실적 없음
LOCA in MEGACITY,"테마파크
10% 할인
오프라인 쇼핑
5% 할인
온라인 쇼핑
5% 할인","국내전용 20,000원 / 해외겸용 20,000원",전월실적 150만원 이상
롭스 롯데카드,"롭스 매장 최대
15% 할인
미용실 최대
20% 할인
공연 최대
30% 할인","국내전용 7,000원 / 해외겸용 10,000원",전월실적 없음
이랜드리테일 롯데카드,"이랜드리테일
7% 할인
주요 마트
5% 할인","국내전용 10,000원 / 해외겸용 15,000원",전월실적 없음
롯데포인트플러스 체크카드,"L.POINT제휴사
더블 적립",국내전용 없음,전월실적 없음
롯데체크카드,"전국 가맹점
0.2% L.POINT 적립
SK주유소
50P/L 주유포인트 적립",국내전용 없음 / 해외겸용 없음,전월실적 없음
롯데 국민행복 체크카드,"온라인쇼핑
5% 캐시백
병원/약국
5% 캐시백
교육비
10% 캐시백",국내전용 없음,전월실적 30만원 이상
티니패스 카드,"교통기능
사용 가능
소득공제
30% 혜택
온라인 쇼핑몰
이용 가능",국내전용 없음,전월실적 없음
LIKIT all 체크카드,"모든가맹점
0.2% 기본캐시백
주말 및 공휴일
0.2% 추가캐시백",국내전용 없음,전월실적 없음
위클리 VISA 롯데체크카드,"최대
2% 캐시백
놀이공원 최대
50% 현장할인
T.G.I.FRIDAY'S
10% 현장할인",해외겸용 없음,전월실적 없음
쇼퍼홀릭 롯데홈쇼핑 롯데체크카드,"롯데홈쇼핑
2% 포인트적립
놀이공원
50% 할인
미용실 최대
20% 할인",국내전용 없음,전월실적 없음
롯데체크카드,"L.POINT
0.2% 적립",국내전용 없음,전월실적 없음
E1 LPG 롯데 체크카드,"E1 LPG 충전소
리터당 47포인트 적립
자동차
정비 서비스 제공",국내전용 없음,전월실적 20만원 이상
롯데 플래티넘 체크카드,"이용금액
0.2% L.POINT 적립
VISA
플래티넘 서비스","해외겸용 1,000원",전월실적 10만원 이상
LIKIT fun 체크카드,"이동통신요금
2천원 캐시백
편의점
1천원 캐시백
커피
1천원 캐시백",국내전용 없음,전월실적 30만원 이상
LIKIT on 체크카드,"온라인 이용 건
3% 캐시백
소셜커머스/오픈마켓
5% 캐시백",국내전용 없음,전월실적 30만원 이상
교보문고 롯데체크카드,"놀이공원
50% 할인
롯데자이언츠
20% 할인
미용실 최대
20% 할인",국내전용 없음,전월실적 없음
AIA생명 롯데 리얼체크카드,"AIA생명 보험료
5천원 할인",국내전용 없음,전월실적 30만원 이상
L.PAY by 롤라카드(체크),"L.POINT
0.2% 적립
클럽롤라 서비스
무료 제공
SK주유소
50P/L 적립",국내전용 없음,전월실적 10만원 이상
세븐일레븐 멤버십롯데체크카드,"세븐일레븐
7포인트 적립
평생
연회비 면제
미용실
최대 20% 할인",국내전용 없음 / 해외겸용 없음,전월실적 20만원 이상
1Q Daily+,"국내가맹점
0.3~1% 적립
플러스적립
5,000머니 적립
SK주유소
3,000원 할인","국내전용 10,000원 / 해외겸용 10,000원",전월실적 30만원 이상
MULTI Young(멀티 영) 카드,"디지털구독
30% 할인
통신요금
10% 할인
편의점
10% 할인","국내전용 12,000원 / 해외겸용 12,000원",전월실적 20만원 이상
MULTI Any(멀티 애니) 카드,"대중교통
4% 적립
배달앱
3% 적립
마트
2% 적립","국내전용 12,000원 / 해외겸용 12,000원",전월실적 없음
MULTI Oil(멀티 오일) 카드,"주유(LPG포함)
10% 할인
커피
5% 할인
페이결제
1% 할인","국내전용 15,000원 / 해외겸용 15,000원",전월실적 40만원 이상
MULTI Global(멀티 글로벌) 카드,"간편결제
1% 적립
전가맹점
0.8% 적립
여행 최대
4% 적립","국내전용 12,000원 / 해외겸용 12,000원",전월실적 30만원 이상
하나 CLUB H 아메리칸 익스프레스 리저브 카드,"국내 1,000원당
1마일리지 적립
해외 1,000원당
2마일리지 적립
인천공항 라운지
무료 입장","해외겸용 150,000원",전월실적 50만원 이상
#tag1카드 Navy,"아파트관리비
5~10% 할인
통신요금
5~10% 할인
주유소
최대 60원/L 할인","해외겸용 12,000원",전월실적 40만원 이상
MULTI On(멀티 온) 카드,"디지털구독
4% 적립
배달앱
3% 적립
온라인쇼핑
2% 적립","국내전용 12,000원 / 해외겸용 12,000원",전월실적 없음
1Q Shopping+,"마트,백화점
최대 40,000머니 적립
플러스적립
5,000머니 적립
스타벅스,커피빈
4,000원 할인","국내전용 10,000원 / 해외겸용 10,000원",전월실적 30만원 이상
#tag1카드 Orange,"커피
25~50% 할인
편의점
5~10% 할인
통신요금
5~10% 할인","해외겸용 12,000원",전월실적 30만원 이상
MULTI Living(멀티 리빙) 카드,"온라인쇼핑 최대
10% 할인
주유(LPG포함) 최대
10% 할인
자동이체
5% 할인","국내전용 12,000원 / 해외겸용 12,000원",전월실적 40만원 이상
1Q Global VIVA,"국제브랜드수수료
1% 면제
해외가맹점
5~9% 적립
저가항공,면세점
5~9% 적립","국내전용 13,000원 / 해외겸용 15,000원",전월실적 30만원 이상
내맘대로 쁨 카드,"EV충전
20% 하나머니 적립
쇼핑/패션/명품
5% 하나머니 적립
페이결제 최대
1.5% 하나머니 적립","국내전용 12,000원 / 해외겸용 12,000원",전월실적 50만원 이상
CLUB SK(클럽 SK)카드,"SK텔레콤 최대
15,000원 청구할인
SK주유소 최대
150원/L 청구할인
마트/학원
5~10% 청구할인","국내전용 6,000원 / 해외겸용 7,000원",전월실적 40만원 이상
슈퍼쇼퍼카드,"국내 가맹점
0.7% 청구할인
국내 온라인 가맹점
1.7% 청구할인
해외 가맹점
1.7% 청구할인","국내전용 15,000원 / 해외겸용 15,000원",전월실적 없음
my pass 마패 카드,"버스/지하철
20% 할인
편의점
10% 할인
커피
10% 할인","해외겸용 17,000원",전월실적 50만원 이상
#MY WAY 카드,"대중교통 건당
300원 할인
편의점 건당
300원 할인
디지털구독 건당
3,000원 할인","국내전용 20,000원 / 해외겸용 20,000원",전월실적 20만원 이상
CLUB Signature SKYPASS 카드,"연 1회
Special Service 제공
월 2회/연 6회
LoungeKey 제공
1,500원당
2~1마일 적립","해외겸용 145,000원",전월실적 없음
하나멤버스 1Q카드 내맘대로,"점심/배달앱/베이커리
7% 적립
온/오프라인쇼핑
7% 적립
커피
30~7% 적립","해외겸용 10,000원",전월실적 30만원 이상
하나 스카이패스 아멕스 플래티늄 카드,"국내 1천원당
1마일 적립
해외 1천원당
2마일 적립
인천공항라운지
무료 입장","해외겸용 45,000원",전월실적 없음
Smart Any 카드(스마트애니),"국내가맹점
0.8% 할인
온라인가맹점
1.3% 할인","국내전용 5,000원 / 해외겸용 5,000원",전월실적 없음
1Q Special+,"지역쇼핑/주유
5,000 하나머니 적립
온라인쇼핑
5,000 하나머니 적립
음식점
1,000원 청구할인","해외겸용 10,000원",전월실적 30만원 이상
토스 신용카드,"해외가맹점
2% 적립
해외ATM이용
건당$3 면제
VISA
브랜드 서비스","국내전용 10,000원 / 해외겸용 10,000원",전월실적 없음
모두의 쇼핑,"온라인쇼핑
10% 적립
생활쇼핑
5% 적립
아울렛
5% 적립","국내전용 15,000원 / 해외겸용 15,000원",전월실적 30만원 이상
Any PLUS 카드,"국내가맹점
0.7% 할인
국내온라인가맹점
1.7% 할인
해외가맹점
1.7% 할인","해외겸용 15,000원",전월실적 없음
신세계 the Mile 하나카드,"신세계백화점/면세점
10마일 적립
국내외가맹점
7마일 적립
신세계면세점
멤버십 우대 서비스","해외겸용 35,000원",전월실적 없음
원더카드 FREE,"국내외가맹점
0.7% 할인
간편결제
1.2% 할인
쿠팡/마트/베이커리
2% 할인","국내전용 12,000원 / 해외겸용 12,000원",전월실적 없음
알뜰교통 my pass 마패 신용카드(Hana-BC),"대중교통
20% 할인
편의점
10% 할인
커피
10% 할인","해외겸용 17,000원",전월실적 50만원 이상
1Q Daily+[40주년 에디션],"국내가맹점
최대1% 적립
플러스머니
5천머니 적립
SK주유소
3천원 할인","국내전용 10,000원 / 해외겸용 10,000원",전월실적 없음
원더카드 LIVING,"아파트관리비
10% 할인
병원&약국
10% 할인
커피
10% 할인","국내전용 19,900원 / 해외겸용 19,900원",전월실적 40만원 이상
CLUB Primus Skypass 카드,"1,500원당
1마일 기본적립
면세점/레저 등
2~5마일 특별적립
Free Package
연1회 제공","해외겸용 100,000원",전월실적 없음
CLUB1카드 200,"항공 마일리지
대한항공/아시아나항공 적립
대한항공 기내면세점
10% 청구할인
trendy OPTION
연 3개 선택","해외겸용 2,000,000원",전월실적 없음
Mile 1.8 대한항공,"국내/외 1,500원당
2.0~1.8 HANA Mile 적립
HANA Mile
최대 5,000점 보너스적립
Priority Pass
연 12회 무료이용","해외겸용 130,000원",전월실적 없음
하나멤버스 1Q(원큐) 카드 Living,"주유소/충전소 10만원당
5,000머니 적립
학원 10만원당
5,000머니 적립
교통/통신/공과금 10만원당
5,000머니 적립","국내전용 8,000원 / 해외겸용 10,000원",전월실적 30만원 이상
CLUB Premier Travel 카드,"국내 LCC
50% 할인
전세계 제휴 라운지
무료 입장
국내 면세점
20% 할인","해외겸용 200,000원",전월실적 없음
하나멤버스 1Q(원큐) 카드 Daily,"국내가맹점
0.5% 적립
온라인쇼핑 10만원당
5,000머니 적립
통신/교통/공과금 10만원당
5,000머니 적립","국내전용 8,000원 / 해외겸용 10,000원",전월실적 30만원 이상
통커 카드,"스타벅스
30~50% 할인
이동통신요금
10% 할인
온라인쇼핑
5% 할인","해외겸용 17,000원",전월실적 50만원 이상
Mile 1.6 대한항공,"해외 1,500원당
1.8 HANA Mile 적립
국내 1,500원당
1.6 HANA Mile 적립
CGV/롯데시네마
4,000원 할인","해외겸용 45,000원",전월실적 없음
카카오뱅크 하나카드,"디지털 구독
50% 할인
간편결제
1% 할인
모든가맹점
0.5% 할인","국내전용 12,000원 / 해외겸용 12,000원",전월실적 없음
원더카드 T,"SK텔레콤/T우주
20% 할인
T멤버십 바코드 결제
20% 할인
SK에너지
10% 할인","국내전용 19,900원 / 해외겸용 19,900원",전월실적 40만원 이상
1Q My Lunch,"점심식사
10% 적립
SK에너지
70머니/L 적립
통신/교통
7% 적립","국내전용 15,000원 / 해외겸용 17,000원",전월실적 30만원 이상
CLUB Signature Asiana Club 카드,"연 1회
Special Service 제공
월 2회/연 6회
LoungeKey 제공
1,000원당
2~1마일 적립","해외겸용 145,000원",전월실적 없음
후불하이패스 카드,"하나
후불하이패스 전용 기능
출퇴근 통행료
최대 50% 자동할인","국내전용 5,000원",전월실적 없음
삼프로TV 하나카드,"특화서비스 월 통합
최대 3만원 청구할인
간편결제
1% 청구할인
국내/외 전 가맹점
0.7% 청구할인","국내전용 15,000원 / 해외겸용 15,000원",전월실적 30만원 이상
하나 원큐 카드,"하나원큐페이 결제
1.8% 적립
국내 전 가맹점
0.8% 적립
해외 전 가맹점
1.8% 적립","국내전용 15,000원 / 해외겸용 15,000원",전월실적 없음
원더카드 DAILY,"영상 스트리밍
40% 청구할인
원큐페이 맛집
10% 청구할인
대중교통
10% 청구할인","국내전용 19,900원 / 해외겸용 19,900원",전월실적 40만원 이상
1Q Living+,"주유,학원
최대 40,000머니 적립
플러스적립
5,000머니 적립
국내SSM
1,000원 할인","해외겸용 10,000원",전월실적 30만원 이상
Mile 1.8 아시아나,"국내/외 1,500원당
2.0~1.8 HANA Mile 적립
HANA Mile
최대 5,000점 보너스적립
Priority Pass
연 12회 무료이용","해외겸용 130,000원",전월실적 없음
모두의 건강,"저녁식사
5% 적립
온라인결제
5% 적립
병원/동물병원
5% 적립","국내전용 15,000원 / 해외겸용 15,000원",전월실적 30만원 이상
모두의 신세계 하나카드,"신세계백화점
5% 할인
간편결제
5% 할인
커피/제과/택시
20% 할인","국내전용 12,000원 / 해외겸용 12,000원",전월실적 40만원 이상
언택트 L 하나카드,"간편결제 최대
10% 할인
교통요금 최대
10% 할인
온라인쇼핑
5% 할인","국내전용 10,000원 / 해외겸용 10,000원",전월실적 30만원 이상
카카오페이 신용카드,"카카오페이결제
25% 할인
쇼핑/뷰티
10% 할인
택시/영화/커피
10% 할인","국내전용 10,000원 / 해외겸용 12,000원",전월실적 40만원 이상
CLUB Premier Hotel 카드,"국내특급호텔
50% 할인
전세계 제휴 라운지
무료 입장
리터당
100원 할인","해외겸용 200,000원",전월실적 없음
CLUB Primus Asiana Club 카드,"1,000원당
1마일 기본적립
면세점/레저 등
2~5마일 특별적립
Free Package
연1회 제공","해외겸용 100,000원",전월실적 없음
원더카드 HAPPY,"국내외가맹점
0.5% 할인
간편결제
5% 할인
동물병원
5% 할인","국내전용 12,000원 / 해외겸용 12,000원",전월실적 40만원 이상
KT Super DC,"통신요금 최대
1만5천원 할인
5대 커피업종
5% 할인
영화
3천원 할인","국내전용 12,000원 / 해외겸용 15,000원",전월실적 없음
#any 하나카드,"디지털 구독
50% 청구할인
디지털 결제
1% 청구할인
국내/외 전 가맹점
0.5% 청구할인","국내전용 12,000원 / 해외겸용 12,000원",전월실적 50만원 이상
LG전자 렌탈 플러스 하나카드,"LG전자 렌탈요금
월 1만3천~2만3천원 할인 서비스","해외겸용 15,000원 / 해외겸용 20,000원",전월실적 30만원 이상
K리그 축덕 하나멤버스 1Q Play1 카드,"통신/대중교통
7~10% 적립
온라인/편의점
7~10% 적립
영화 1만원 이상
5,000원 할인","국내전용 10,000원 / 해외겸용 12,000원",전월실적 30만원 이상
하나멤버스 1Q(원큐) 카드 Shopping,"백화점/마트 10만원당
5,000머니 적립
온라인쇼핑 10만원당
5,000머니 적립
아파트관리비
5,000머니 적립","국내전용 8,000원 / 해외겸용 10,000원",전월실적 30만원 이상
CLUB Primus Point 카드,"모든가맹점
1% 기본적립
면세점/레저 등
2~5% 특별적립
Free Package
연1회 제공","해외겸용 100,000원",전월실적 없음
카카오 T 하나카드,"카카오T(택시,대리 등)
2천원 할인
주유소
60원/L 할인
KTX, SRT
5% 할인","국내전용 20,000원 / 해외겸용 22,000원",전월실적 30만원 이상
New 제주항공 하나카드,"여행특화 1천원당
30p 적립
쇼핑/구독/레저 1천원당
20p 적립
국내 전가맹점 1천원당
5p 적립","국내전용 17,000원 / 해외겸용 17,000원",전월실적 30만원 이상
하나로마트 하나카드,"하나로마트
10% 청구할인
파리바게뜨, 파리크라상
5% 청구할인
통신요금 자동이체
5% 청구할인","해외겸용 15,000원",전월실적 30만원 이상
펫 사랑 카드,"동물병원
10% 적립
온라인쇼핑
10% 적립
대중교통,시외버스 등
7% 적립","국내전용 15,000원 / 해외겸용 15,000원",전월실적 30만원 이상
소노시즌 하나카드,"소노시즌 자동이체
9천~2만원/월 청구할인","국내전용 25,000원 / 해외겸용 25,000원",전월실적 없음
Mile 1.6 아시아나,"해외 1,500원당
1.8 HANA Mile 적립
국내 1,500원당
1.6 HANA Mile 적립
CGV/롯데시네마
4,000원 할인","해외겸용 45,000원",전월실적 없음
프레딧 하나카드,"프레딧
10% 청구할인
커피/베이커리
10% 청구할인
국내 외 전 가맹점
0.5% 청구할인",국내전용 12000원 / 해외겸용 12000원,전월실적 30만원 이상
한화손해보험 카드,"자동차 보험료
최대 3만원 할인
SK주유소
50원/L 할인
대중교통
10% 할인","국내전용 5,000원 / 해외겸용 5,000원",전월실적 20만원 이상
랭킹닭컴 하나카드,"랭킹닭컴
7& 청구할인
배달앱
5% 청구할인
스타벅스, 커피빈
4천원 청구할인","해외겸용 15,000원",전월실적 30만원 이상
닥터구디 T&R(티앤알) 카드,"통신요금 자동이체
최대 15,000원 청구할인
렌탈요금 자동이체
최대 15,000원 청구할인
보험사 자동이체
최대 15,000원 청구할인","국내전용 25,000원 / 해외겸용 25,000원",전월실적 40만원 이상
풀무원 하나카드,"풀무원 가맹점
월 1~2만원 청구할인
온라인쇼핑 합산 10만원당
5천 적립","국내전용 20,000원 / 해외겸용 23,000원",전월실적 50만원 이상
바디프랜드 하나카드,"바디프렌드 렌탈료
13,000원 청구할인
대형마트
3% 청구할인
커피빈
10% 청구할인","해외겸용 12,000원",전월실적 30만원 이상
이디야 하나카드,"이디야 멤버스 음료쿠폰
연 12회 제공
이디야커피
최대 50% 청구할인
디지털구독 서비스
30% 청구할인","해외겸용 15,000원",전월실적 30만원 이상
원스토어 1 하나카드,"원스토어
2% 할인
PC게임방
5% 할인
배달앱
5% 할인","국내전용 12,000원 / 해외겸용 15,000원",전월실적 30만원 이상
New Happy 하나카드,"해피오더, 해피마켓, 해피페이
1,000P / 5천원 적립
해피포인트 가맹점
2% 적립
온/오프 가맹점
0.5~1% 적립","국내전용 10,000원 / 해외겸용 10,000원",전월실적 없음
아모레퍼시픽 카드,"아모레퍼시픽
10% 적립
커피/제과
5% 적립
슈퍼
5% 적립","국내전용 10,000원 / 해외겸용 12,000원",전월실적 30만원 이상
네이버페이 머니 하나 체크카드,"네이버페이
1.2% 포인트 적립",국내전용 없음 / 해외겸용 없음,전월실적 25만원 이상
알뜰교통 비바 e 플래티늄 체크카드,"대중교통
15% 캐시백
온라인쇼핑 최대
5천원 할인
해외직구 배송대행료
20% 할인",국내전용 없음 / 해외겸용 없음,전월실적 25만원 이상
트래블로그 체크카드,"해외 가맹점 이용
수수료 면제
해외 ATM 인출
수수료 면제
국내가맹점
0.3% 적립",해외겸용 없음,전월실적 없음
VIVA X 체크카드,"해외가맹점 수수료
면제 서비스
해외ATM 수수료
면제 서비스
국내가맹점
0.3% 캐쉬백",국내전용 없음 / 해외겸용 없음,전월실적 없음
VIVA+ 체크카드,"해외이용수수료
0.5% 면제
해외인출수수료
3% 면제
점심시간
7% 캐시백",해외겸용 없음,전월실적 없음
카카오페이 체크카드,"카카오페이
7% 캐시백
대중교통
5% 캐시백
스타벅스
5% 캐시백",해외겸용 없음,전월실적 25만원 이상
모두의 일상 체크카드,"모든가맹점
0.3% 적립
페이결제
0.4% 적립
해외가맹점
0.4% 적립",국내전용 없음 / 해외겸용 없음,전월실적 없음
하나멤버스 1Q 체크카드,"편의점
5% 적립
베이커리
5% 적립
커피
5% 적립",해외겸용 없음,전월실적 20만원 이상
하나멤버스 Mega 체크카드,"생활업종 2만원당
200하나머니 적립
통신요금
3천~5천머니 적립
전가맹점 2만원당
100하나머니 적립",해외겸용 없음,전월실적 25만원 이상
아이부자 카드,"교통기능
사용 가능
소득공제
30% 혜택",국내전용 없음,전월실적 없음
포켓몬을 사랑하는 고객용 하나멤버스 1Q 체크카드,"생활 가맹점
5% 적립
플레이트
디자인 선택가능",국내전용 없음 / 해외겸용 없음,전월실적 20만원 이상
하나로 전자카드 메가캐쉬백 더드림 체크카드,"생활필수업종 2만원당
200원 캐시백
통신료 최대
5천원 캐시백
CU편의점 포인트
2% 적립",국내전용 없음,전월실적 없음
해피포인트 체크카드,"해피포인트 더블 체크카드
해당가맹점 20% 캐쉬백
해피포인트 하나 체크카드
2만원당 100~200원 캐쉬백
해피포인트
5% 적립",국내전용 없음,전월실적 25만원 이상
L.PAY 하나 체크카드,"L.PAY결제/후불교통
2% 적립
롯데가맹점
0.5% 적립
이외 국내가맹점
0.1% 적립",해외겸용 없음,전월실적 없음
리틀프렌즈 체크카드,"편의점
1천원 캐시백
서점
1천원 캐시백
푸드
1천원 캐시백",국내전용 없음 / 해외겸용 없음,전월실적 10만원 이상
넥슨 메이플스토리 하나BC 체크카드,"넥슨캐시/세라 온라인충전액
25% 캐시백
대중교통, 택시
5% 캐시백
온라인쇼핑
5% 캐시백",해외겸용 없음,전월실적 20만원 이상
시코르 체크카드,"시코르
5% 적립
신세계포인트
0.2% 적립
대중교통
7% 캐시백",해외겸용 없음,전월실적 20만원 이상
신세계 하나 체크카드,"신세계백화점
5% 캐시백
신세계백화점
0.2% 적립
버스,지하철
7% 캐시백",해외겸용 없음,전월실적 30만원 이상
넥슨 던전앤파이터 체크카드,"넥슨캐시/세라 온라인충전
15% 캐쉬백
대중교통,택시
5% 캐쉬백
온라인쇼핑, 생활
5% 캐쉬백",해외겸용 없음,전월실적 20만원 이상
하나 국민행복 체크카드,"휴대폰요금 자동이체
3천원 캐시백
요식업종
0.5% 캐시백
인터넷쇼핑몰
0.5% 캐시백",국내전용 없음 / 해외겸용 없음,전월실적 25만원 이상
NU Uniq,"국내 가맹점
최대 0.8% 청구할인
배달앱
1.5% 청구할인
커피·스트리밍
5% 청구할인","국내전용 20,000원 / 해외겸용20,000원",전월실적 40만원 이상
DA@카드의정석,"모든가맹점
0.8% 할인
생활업종
1.3% 할인
국내공항라운지
연 2회 무료(전월실적 30만원)","국내전용 5,000원 / 해외겸용 10,000원",전월실적 없음
NU I&U,"국내가맹점
1.0%~0.7% 청구할인
주유 리터당
60~100원 청구할인
대중교통
10% 청구할인","국내전용 12,000원 / 해외겸용 12,000원",전월실적 30만원 이상
카드의정석 POINT,"모든가맹점
0.8% 적립
교통,통신,전기차충전
5% 적립
간편결제
3% 추가적립","국내전용 10,000원 / 해외겸용 12,000원",전월실적 30만원 이상
카드의정석 WOWRI,"모아포인트
5%~0.8% 적립
주요간편결제
3% 추가적립","국내전용 10,000원 / 해외겸용 12,000원",전월실적 30만원 이상
알뜰교통카드,"대중교통
10% 할인
자동결제업종
10% 할인
페이코포인트
1% 적립","국내전용 13,000원 / 해외겸용 15,000원",전월실적 30만원 이상
카드의정석 PREMIUM MILEAGE(SKYPASS),"1,000원당
1~2마일 적립
국내외 공항라운지
무료 이용서비스
연1회
프리미엄기프트 제공","국내전용 135,000원 / 해외겸용 135,000원",전월실적 50만원 이상
카드의정석 NEW우리V카드,"대형마트
5% 할인
아웃백
25% 할인
CGV
6,000원 할인","국내전용 2,000원 / 해외겸용 5,000원",전월실적 30만원 이상
D4@카드의정석,"대중교통
33% 할인
커피
55% 할인
영화관
5,500원 할인","국내전용 9,000원 / 해외겸용 10,000원",전월실적 30만원 이상
카드의정석 UniMile,"저가항공
3% 적립
온라인여행사
2% 적립
국내외 공항라운지
무료 이용서비스","국내전용 20,000원 / 해외겸용 20,000원",전월실적 30만원 이상
카드의정석 SHOPPING,"온·오프라인쇼핑
10% 할인
간편결제
5% 추가할인
주말주유
60원/L 할인","국내전용 10,000원 / 해외겸용 12,000원",전월실적 30만원 이상
로얄블루1000카드 [SKYPASS],"기프트바우처
100만원상당 제공
해외/면세점/항공사
2마일리지 적립
본인 및 동반1인
PP카드 제공","해외겸용 1,000,000원",전월실적 없음
그랑블루 1st,"국내가맹점
0.5% 적립
해외, 면세점
2% 특별적립
프리미엄기프트
5만원 증정","국내전용 100,000원 / 해외겸용 100,000원",전월실적 없음
카드의정석 댕댕냥이(강아지),"온라인쇼핑
10% 할인
공항라운지
무료 이용
동물병원
10% 할인","국내전용 10,000원 / 해외겸용 12,000원",전월실적 30만원 이상
NU Blanc,"국내 전 가맹점
최대 1.8% 포인트 적립
해외 전 가맹점
3% 포인트적립
보너스포인트
20,000점 적립","국내전용 50,000원 / 해외겸용 50,000원",전월실적 없음
Diners Club POINT,"국내 가맹점
1~2.3% 적립
해외, 면세점
2% 적립
전세계 공항라운지
연 20회 무료이용","해외겸용 300,000원",전월실적 없음
카드의정석 UNTACT AIR,"정기결제 최대
20% 할인
배달앱
30% 적립
쿠팡
20% 적립","국내전용 15,000원 / 해외겸용 15,000원",전월실적 50만원 이상
카드의정석 APT Platinum,"아파트관리비
연최대18만원 할인
학원
10% 할인
공항라운지
무료 입장","국내전용 29,000원 / 해외겸용 29,000원",전월실적 40만원 이상
SKT 우리카드,"SKT통신기기/서비스
T라이트할부 제공
SKT통신요금
1만~2만원 청구할인
커피전문점
20% 청구할인","해외겸용 10,000원 / 해외겸용 15,000원",전월실적 30만원 이상
카드의정석 위비온 플러스,"국내가맹점
5% 할인
해외가맹점
3% 할인
워라밸업종
7% 할인","국내전용 13,000원 / 해외겸용 15,000원",전월실적 30만원 이상
카드의정석 DISCOUNT,"국내가맹점
0.7~1% 할인
S-OIL,현대오일뱅크
60~100원/L 할인
대중교통
10% 할인","국내전용 10,000원 / 해외겸용 12,000원",전월실적 30만원 이상
NU Uniq point,"국내가맹점
0.5% 적립
쇼핑/교통/생활영역
2% 적립
주유/충전
60원/L 적립","국내전용 20,000원 / 해외겸용 20,000원",전월실적 30만원 이상
카드의정석 PREMIUM POINT,"전월실적조건없이
0.8~2% 적립
국내외공항라운지
The Lounge Members 무료이용
연1회
프리미엄기프트 제공","국내전용 110,000원 / 해외겸용 110,000원",전월실적 없음
KT 카드의정석 SUPER DC Ⅱ,"KT통신비 최대
1만3천원 할인
모든 영화관
3,000원 할인","국내전용 20,000원 / 해외겸용 20,000원",전월실적 30만원 이상
카드의정석 APT,"아파트관리비
연최대18만원 할인
도시가스
3천원 할인
넷플릭스
30% 할인","국내전용 15,000원 / 해외겸용 15,000원",전월실적 40만원 이상
OK캐쉬백 위비할인카드,"쇼핑
7% 할인
생활
7% 할인
OK캐쉬백
멤버십 서비스","국내전용 10,000원 / 해외겸용 12,000원",전월실적 30만원 이상
카드의정석 MILEAGE SKYPASS,"국내외가맹점 1,000원당
1마일 적립
해외일시불 1,000원당
1마일 추가적립
전세계 공항라운지
무료 이용서비스","국내전용 39,000원 / 해외겸용 39,000원",전월실적 50만원 이상
LGU+ 카드의정석 Ⅱ,"LGU+ 통신요금 최대
1만3천원 할인
LGU+ 단말기
장기할부 서비스
모든 영화관
3천원 할인","국내전용 20,000원 / 해외겸용 20,000원",전월실적 30만원 이상
갤러리아 우리카드,"갤러리아
5% 할인
해외가맹점
1% 할인
영화관
5,000원 할인","국내전용 10,000원 / 해외겸용 12,000원",전월실적 30만원 이상
카드의정석 UNTACT PLATINUM,"정기결제 최대
20% 할인
쿠팡로켓와우
2,900원 할인
공항라운지
무료 이용","국내전용 25,000원 / 해외겸용 25,000원",전월실적 40만원 이상
카드의정석 댕댕냥이(고양이),"온라인쇼핑
10% 할인
공항라운지
무료 이용
동물병원
10% 할인","국내전용 10,000원 / 해외겸용 12,000원",전월실적 30만원 이상
NU 후불하이패스,"카드의정석 후불
하이패스 기능
평일 출퇴근 통행료
20~50% 할인","국내전용 2,000원",전월실적 없음
카카오뱅크 우리카드,"카카오톡 선물하기
50% 할인
카카오페이 결제
10% 할인","국내전용 12,000원 / 해외겸용 12,000원",전월실적 40만원 이상
ALL 다모아카드,"모아포인트
1.0~1.8% 적립
SK주유소 머핀포인트
80점/L 적립
PAYCO/CJ ONE/OK캐쉬백/CU
멀티멤버십 제공","국내전용 10,000원 / 해외겸용 12,000원",전월실적 없음
카드의정석 HEROES,"국내가맹점
5~0.6% 적립
간편결제
3% 추가적립
국내이용금액
0.1% 광복회 후원","국내전용 10,000원 / 해외겸용 12,000원",전월실적 30만원 이상
카드의정석 UNTACT,"정기결제 최대
20% 할인
쿠팡로켓와우
2,900원 할인
게임정기결제
10% 할인","국내전용 12,000원 / 해외겸용 12,000원",전월실적 40만원 이상
카드의정석 PREMIUM MILEAGE(AsianaClub),"1,000원당
1.5~3마일 적립
국내외공항라운지
The Lounge Members 무료이용
연1회
프리미엄기프트 제공","국내전용 135,000원 / 해외겸용 135,000원",전월실적 50만원 이상
LG전자 베스트렌탈 우리카드,"LG전자 베스트렌탈
최대2만원 할인","국내전용 12,000원 / 해외겸용 15,000원",전월실적 30만원 이상
아이파킹 크레딧 카,"주차비
최대1만원 할인
주유/충전소
100원/L 할인","국내전용 15,000원 / 해외겸용 18,000원",전월실적 30만원 이상
국민행복카드 S2,"의료(임신·출산)
7% 할인
학습지/학원/서점
7% 할인
영상/음원서비스
20% 할인",국내전용 없음 / 해외겸용 없음,전월실적 30만원 이상
ONLY 나만의카드,"자동납부
10% 할인
대형할인점
2,000원 할인
스타벅스
10% 할인","국내전용 13,000원 / 해외겸용 15,000원",전월실적 30만원 이상
카드의정석 UniMile in JEJU,"여행
제주특화 서비스
UniMile 최대
3% 적립
공항라운지
무료 이용","국내전용 15,000원 / 해외겸용 15,000원",전월실적 30만원 이상
카드의정석 L.POINT,"영화/외식/커피
3% 적립
온라인/홈쇼핑
1% 적립
국내가맹점
0.7% 기본적립","국내전용 10,000원 / 해외겸용 12,000원",전월실적 30만원 이상
카드의정석 MILEAGE Asiana Club,"국내외 가맹점 1,000원당
1.3마일 적립
해외일시불 1,000원당
1.2마일 추가적립
전세계 공항라운지
무료 이용서비스","국내전용 39,000원 / 해외겸용 39,000원",전월실적 50만원 이상
카드의정석 베트남여행,"온/오프라인 쇼핑
10% 할인
베트남현지
5% 할인
공항라운지
무료 이용","국내전용 10,000원 / 해외겸용 12,000원",전월실적 30만원 이상
Diners Club MILEAGE,"국내 가맹점
1마일 적립
해외, 면세점
2마일 적립
전세계 공항라운지
연 20회 무료이용","해외겸용 330,000원",전월실적 없음
다둥이 행복카드,"버스, 지하철
10% 할인
모아포인트
최대0.9% 적립
유아출산의류
10% 할인",해외겸용 없음,전월실적 없음
마이카 우리카드,"자동차금융 최대
1만원 할인
주유소/충전소
70원/L 할인
자동차보험 최대
2만원 할인","해외겸용 12,000원",전월실적 30만원 이상
오케이몰 우리카드,"오케이몰 최대
2만원 할인
커피전문점
5% 할인
편의점
5% 할인","국내전용 15,000원 / 해외겸용 15,000원",전월실적 30만원 이상
All For Me카드,"주요 7대 업종
10~5% 할인
영화
3,000원 할인
커피
20% 할인","해외겸용 10,000원",전월실적 30만원 이상
SK Oil 400 우리카드,"SK주유소 월 최대
5만원 할인
커피전문점
20% 할인
패밀리레스토랑
10% 할인","해외겸용 10,000원",전월실적 30만원 이상
썸(SUM) 페이 카드,"PAY 결제
7% 할인
PAY 외 결제
5% 할인
영화
3,000원 할인","해외겸용 10,000원",전월실적 30만원 이상
LoL CHAMPIONS KOREA 우리카드,"모든가맹점
0.7~1.0% 할인
S-OIL/현대오일뱅크
60~100원/L 할인
대중교통/카페
10% 할인","해외겸용 10,000원",전월실적 없음
H.Point 우리카드,"H.Point
5% 적립
실적·한도 제한없이
0.5% 적립
국내외 공항라운지
연 2회 무료","국내전용 15,000원 / 해외겸용 15,000원",전월실적 없음
한화생명 Family 카드 (문화형),"SK주유소
60원/L 청구할인
택시
5% 청구할인
통신비
3% 청구할인","해외겸용 5,000원 / 해외겸용 10,000원",전월실적 30만원 이상
한화생명 Family카드 (골프형),"SK주유소
60원/L 청구할인
택시
5% 청구할인
통신비
3% 청구할인","해외겸용 5,000원 / 해외겸용 10,000원",전월실적 30만원 이상
Hole In:WON(홀인원) 카드,"골프 업종
5% 적립
골프연습장 타석
무료 제공
공항라운지
무료 이용","국내전용 49,000원 / 해외겸용 49,000원",전월실적 50만원 이상
AK우리카드 VIP,"AK플라자
할인 서비스
국내가맹점
0.2% 적립
공항라운지
무료 이용","국내전용 25,000원 / 해외겸용 25,000원",전월실적 30만원 이상
넥센타이어 우리카드,"타이어렌탈
최대 2만원 할인
전국영화관
3천원 할인
커피전문점
20% 할인","해외겸용 10,000원",전월실적 30만원 이상
NU Nature,"전기차 충전
60% 적립
스트리밍
10% 적립
주요 간편결제
1.6% 적립","국내전용 12,000원 / 해외겸용 12,000원",전월실적 30만원 이상
WON DISCOUNT(원 디스카운트) AIR,"넷플릭스
10% 할인
전기차충전
10% 할인
휴대전화
5% 할인","국내전용 10,000원 / 해외겸용 10,000원",전월실적 50만원 이상
WON POINT(원 포인트) AIR,"배달의민족
5% 적립
전기차충전
5% 적립
온라인쇼핑
3% 적립","국내전용 10,000원 / 해외겸용 10,000원",전월실적 30만원 이상
카드의정석 US,"간편결제
0.7% 적립
전기차/수소차
50% 적립
대중교통
10% 적립","국내전용 15,000원 / 해외겸용 15,000원",전월실적 30만원 이상
카드의정석 시니어플러스,"모아포인트
1~3% 적립
영화관
3천원 할인
커피전문점
10% 할인","국내전용 10,000원 / 해외겸용 12,000원",전월실적 30만원 이상
롯데렌터카 신차장 EV+ 우리카드,"장기렌터카 렌탈료 최대
2만5천원 할인
주유 최대
100원/L 할인
전기차 충전 최대
50% 할인","국내전용 20,000원 / 해외겸용 20,000원",전월실적 50만원 이상
우리Most카드,"Most주유소 최대
200원/L 할인
주차장
2,000원 할인
영화
5,000원 할인","국내전용 19,000원 / 해외겸용 20,000원",전월실적 30만원 이상
AK우리카드,"AK플라자
할인 서비스
국내가맹점
0.2% 적립
공항라운지
무료 이용","국내전용 12,000원 / 해외겸용 12,000원",전월실적 30만원 이상
NU AUTO 우리카드,"자동차할부 월 납부금
최대 11,000원 할인
주유(LPG) / 전기차 충전
최대 8,000원 할인
주차비 / 하이패스 카드
1,000원 할인","국내전용 20,000원 / 해외겸용 20,000원",전월실적 50만원 이상
라이나생명 라서즐거운카드,"보험료 매월 최대
3만원 할인
영화
3천원 청구할인
커피
20% 청구할인","해외겸용 10,000원",전월실적 없음
바디프랜드 카드,"바디프랜드 렌탈
최대 2만원 할인
영화
6천원 청구할인
커피
5% 청구할인","해외겸용 10,000원",전월실적 30만원 이상
위메프 우리카드,"위메프
5% 적립
스타벅스
50% 할인
편의점
10% 할인","국내전용 10,000원 / 해외겸용 12,000원",전월실적 30만원 이상
위비멤버스카드,"국내가맹점
0.7% 적립
쇼핑업종
1.5~2% 적립
치킨,피자
10% 할인","국내전용 10,000원 / 해외겸용 12,000원",전월실적 30만원 이상
셀리턴 우리카드,"셀리턴 렌탈
할인 서비스","국내전용 15,000원 / 해외겸용 20,000원",전월실적 없음
카드의정석 삼성화재 당신에게 좋은보험,"삼성화재 보험료 최대
1만5천원 할인
영화관
3천원 할인
스타벅스, 투썸플레이스
1천원 할인","국내전용 19,000원 / 해외겸용 20,000원",전월실적 30만원 이상
CGV 우리카드,"CGV영화관람권
연 12회 제공
CGV영화관람권
5천원 할인
CGV매점콤보
2천원 할인","국내전용 20,000원 / 해외겸용 20,000원",전월실적 30만원 이상
우리 XGOLF 카드,"골프업종
3% 적립
해외,면세점,여행사,항공사
1.8% 적립
병원,동물병원
1.5% 적립","국내전용 13,000원 / 해외겸용 15,000원",전월실적 30만원 이상
코오롱몰 우리카드,"코오롱 FnC 온/오프라인
5% 청구할인
코오롱 FnC 온/오프라인
최대 36개월 할부 제공
국내외 공항 라운지
무료 이용 서비스","국내전용 15,000원 / 해외겸용 15,000원",전월실적 30만원 이상
LG전자 라서즐거운 카드,"LG전자 렌탈 최대
2만원 할인
커피
20% 할인
영화관
3천원 할인","해외겸용 10,000원",전월실적 30만원 이상
동양생명 우리카드,"동양생명보험료
최대2만원 할인","국내전용 12,000원 / 해외겸용 15,000원",전월실적 30만원 이상
엉 카드,"O2O앱
10% 할인
GS25
10% 할인
스타벅스
10% 할인","국내전용 10,000원 / 해외겸용 12,000원",전월실적 30만원 이상
위비 알뜰주유소 할인카드,"알뜰 주유소
80~100원/L 할인
전국 영화관
3천원 할인
커피전문점
10% 할인","국내전용 12,000원 / 해외겸용 12,000원",전월실적 30만원 이상
카드의정석 삼성디지털프라자,"삼성디지털프라자
할인 서비스
영화관
3천원 할인
커피전문점
1천원 할인","국내전용 20,000원 / 해외겸용 20,000원",전월실적 30만원 이상
카드의정석 하이마트,"하이마트
1~2만원 할인
영화관
3천원 할인
스타벅스/커피빈
20% 할인","국내전용 13,000원 / 해외겸용 18,000원",전월실적 30만원 이상
NU 오하쳌(오늘하루체크),"온라인 쇼핑
5% 캐시백
간편결제
5% 캐시백
배달/주문
5% 캐시백",국내전용 없음 / 해외겸용 없음,전월실적 20만원 이상
010PAY 체크카드,"결제할 때마다
최대 0.4% 적립
매월 3번 응DAY엔
3.3% 추가적립
휴대폰 소액결제로
최대 20만원 충전가능",국내전용 없음 / 해외겸용 없음,전월실적 없음
네이버페이 우리카드 체크,"네이버페이
1% 적립
공항라운지
무료 이용
해외수수료
면제 서비스","국내전용 5,000원 / 해외겸용 5,000원",전월실적 없음
카드의정석 COOKIE CHECK,"전세계 공항라운지
무료입장 서비스
해외가맹점
2~1% 캐시백
영화
5,000원 캐시백",국내전용 없음 / 해외겸용 없음,전월실적 20만원 이상
알뜰교통카드 COOKIE CHECK,"인천공항라운지
무료입장 서비스
대중교통
3천원 캐시백
영화
5천원 캐시백",국내전용 없음 / 해외겸용 없음,전월실적 20만원 이상
카드의정석 UniMile CHECK,"UniMile
0.2~1.5% 적립
국내외
공항라운지 무료이용
해외 유명 박물관/미술관
50% 할인",국내전용 없음 / 해외겸용 없음,전월실적 30만원 이상
썸타는 우리 체크,"해외가맹점
1~2% 캐시백
쇼핑/커피/영화 등
10~20% 할인
인천공항라운지
무료 이용",국내전용 없음 / 해외겸용 없음,전월실적 25만원 이상
LoL CHAMPIONS KOREA 우리체크카드,"해외가맹점
1~2% 캐시백
국내업종별
10~20% 할인
인천공항라운지
무료 이용",국내전용없음 / 해외겸용 없음,전월실적 25만원 이상
그랑블루 체크카드,"모아포인트
0.3~1.0% 적립
기프트바우처
연1회 제공
공항라운지
무료 이용","해외겸용 95,000원",전월실적 30만원 이상
NU Uniq Check,"국내 가맹점
0.2% 적립
DAILY 가맹점
1% 적립
EAT 가맹점
1% 적립",국내전용 없음 / 해외겸용 없음,전월실적 30만원 이상
CJ ONE 우리카드 체크,"올리브영
3천원 캐시백
CGV
3천원 캐시백
인천공항라운지
무료 이용서비스",국내전용 없음 / 해외겸용 없음,전월실적 20만원 이상
카드의정석 POINT CHECK x 아기상어,"모아포인트
1.5~0.3% 적립
간편결제
1.5% 추가적립
롯데월드 아쿠아리움/놀이공원
50% 현장할인",국내전용 없음 / 해외겸용 없음,전월실적 30만원 이상
카드의정석 APT CHECK,"아파트관리비
최대1만원 캐시백
유튜브정기권
30% 캐시백","국내전용 9,000원 / 해외겸용 9,000원",전월실적 30만원 이상
카카오페이 체크카드,"카카오페이 가맹점
5% 캐쉬백
온라인쇼핑몰
5% 캐쉬백
편의점/드럭스토어
5% 캐쉬백",국내전용 없음 / 해외겸용 없음,전월실적 20만원 이상
New 현대백화점 체크카드,"현대백화점
5% 할인
현대아울렛
5% 할인
진에어
5% 할인",해외겸용 없음,전월실적 20만원 이상
카드의정석 POINT CHECK,"모아포인트
1.5~0.3% 적립
간편결제
1.5% 추가적립
롯데월드 아쿠아리움/놀이공원
50% 현장할인",국내전용 없음 / 해외겸용 없음,전월실적 30만원 이상
카드의정석 CREAM TEENS CHECK,"편의점 건당
1,000원 캐시백
서점 건당
1,000원 캐시백
베이커리/패스트푸드 건당
1,000원 캐시백",국내전용 없음,전월실적 10만원 이상
국민행복 체크카드 S2,"의료(임신·출산)
3% 캐시백
학습지/학원/서점
3% 캐시백
영상/음원서비스
10% 캐시백",국내전용 없음 / 해외겸용 없음,전월실적 30만원 이상
카드의 정석 SSO3 NEW-TRO CHECK,"저녁 음식점/배달앱
5% 캐시백
대형마트/편의점
5% 캐시백
택시/버스/지하철
5% 캐시백",국내전용 없음 / 해외겸용 없음,전월실적 30만원 이상
OK캐쉬백 썸(SUM)타는 우리체크카드,"G마켓,옥션
10% 할인
스타벅스
20% 할인
버거,피자
10% 할인",국내전용 없음 / 해외겸용 없음,전월실적 25만원 이상
배달의민족 비장의카드 V.2,"배달의민족
1,100원 캐시백
온라인쇼핑
10% 캐시백
대중교통
2,000원 캐시백","국내전용 3,000원 / 해외겸용 3,000원",전월실적 30만원 이상
카드의정석 L.POINT CHECK,"L.POINT
1~0.3% 적립
롯데가맹점
1~0.5% 추가적립
주요 테마파크
50% 현장할인",국내전용 없음 / 해외겸용 없음,전월실적 30만원 이상
우리V외국인체크카드,"외환 환전 송금
최대 50% 환율 우대
CGV
최대 4천원 청구할인
대형마트
5% 청구할인",국내전용 없음,전월실적 없음
갤러리아 체크카드,"갤러리아
5% 할인
업종별
0.3~1.5% 적립
해외가맹점
1% 캐시백",해외겸용 없음,전월실적 30만원 이상
Voluntas 자원봉사자 우리체크,"편의점
1천원 캐시백
베이커리/패스트푸드
1천원 캐시백
대중교통
2천원 캐시백",해외겸용 없음,전월실적 없음
롯데마트 라서 즐거운 체크카드,"롯데마트
10% 할인
영화관
3,000원 할인
커피전문점
20% 할인",해외겸용 없음,전월실적 30만원 이상
우리 아이행복체크카드,"병원/약국
5% 할인
커피전문점
20% 할인
대중교통
5% 할인",해외겸용 없음,전월실적 30만원 이상
카드의정석 POINT CHECK x 핑크퐁,"모아포인트
1.5~0.3% 적립
간편결제
1.5% 추가적립
롯데월드 아쿠아리움/놀이공원
50% 현장할인",국내전용 없음 / 해외겸용 없음,전월실적 30만원 이상
해피포인트 우리체크 V.2,"해피오더, 해피마켓, 해피페이
10% 적립
사용횟수에 따라 최대
21,000P 적립
해외 이용금액
1% 적립",국내전용 없음 / 해외겸용 없음,전월실적 없음
라떼 우리체크카드,"커피전문점
1,000원 할인
최대할인한도
15,000원 까지","국내전용 2,000원",전월실적 25만원 이상
우리국민행복체크카드,"A-TYPE
의료/쇼핑 할인
B-TYPE
육아/교육 할인
C-TYPE
에코머니 적립",국내전용 없음,전월실적 30만원 이상
우리성당 체크카드,"대중교통
1,500원 할인
병원,약국
5% 할인
영화
3천원 할인",해외겸용 없음,전월실적 30만원 이상
해피포인트 우리체크카드,"해피포인트 가맹점
5% 적립
해피포인트 가맹점
20% 캐시백 할인
대형마트/아울렛
5% 할인",국내전용 없음,전월실적 20만원 이상
우리 YG 체크카드,"YG공연/온라인몰
10% 할인
스타벅스/투썸
20% 할인
아웃백/TGIF
10% 할인",해외겸용 없음,전월실적 30만원 이상
LGU+ 라서즐거운 체크카드,"LG U+ 최대
5천원 할인
패밀리레스토랑
10% 할인
커피
10% 할인",해외겸용 없음,전월실적 30만원 이상
위메프 우리체크,"위메프
5% 적립
스타벅스
30% 캐시백할인
편의점
5% 캐시백할인","국내전용 3,000원 / 해외겸용 5,000원",전월실적 20만원 이상
카드의정석 U+알뜰모바일 CHECK,"(30만원 이상) U+알뜰모바일
2천원 캐시백
(80만원 이상) U+알뜰모바일
4천원 캐시백
(120만원 이상) U+알뜰모바일
7천원 캐시백",국내전용 없음 / 해외겸용 없음,전월실적 30만원 이상
AK우리카드 체크,"AK플라자
할인 서비스
국내가맹점
0.1% 적립
놀이공원
50% 할인","국내전용 3,000원 / 해외겸용 3,000원",전월실적 30만원 이상
한화생명 Family 체크카드,"SK주유소
40원/L 할인
버스,지하철
1천원 할인
휴대폰요금
3% 할인",국내전용 없음,전월실적 20만원 이상
올바른 FLEX 카드,"커피
50% 할인
스트리밍
20% 할인
영화
30% 할인","국내전용 10,000원 / 해외겸용 12,000원",전월실적 30만원 이상
NH올원 파이카드,"온라인쇼핑
7~20% 할인
주유/통신/해외 등
선택업종 할인
생활영역
5~20% 할인","국내전용10,000원 / 해외겸용 12,000원",전월실적 30만원 이상
별다줄카드,"쇼핑 최대
14% 할인
통신
5% 할인
커피
5% 할인","국내전용 12,000원 / 해외겸용 14,000원",전월실적 30만원 이상
올바른 NEW HAVE카드,"국내외가맹점
0.7% 적립
이용금액 1위
3배 적립
공항라운지
무료 이용","국내전용 12,000원 / 해외겸용 12,000원",전월실적 없음
NH올원 Shopping&11번가카드(R2타입),"11번가
11~22% 할인
기타 온라인쇼핑
7% 할인
마트/병원/주유 등
5~10% 할인","국내전용 8,000원 / 해외겸용 10,000원",전월실적 30만원 이상
zgm.the pay카드,"국내 전 가맹점
1.0% 청구 할인
해외 전 가맹점
1.0% 청구 할인
온라인 간편결제
최대 1.7% 청구 할인","국내전용 12,000원 / 해외겸용 12,000원",전월실적 없음
NH20 해봄카드,"인천공항라운지
연 2회 무료
전국 놀이공원
50% 할인
온라인 쇼핑몰
10% 할인","해외겸용 8,000원",전월실적 30만원 이상
올바른 POINT UP 카드,"기본
0.7% 적립
최대
1.0% 추가적립
국제공항
라운지 무료이용","해외겸용 12,000원",전월실적 40만원 이상
NH올원 All100(올백)카드,"백화점
10% 적립
대형마트
10% 적립
병원/약국/동물병원
10% 적립","국내전용 8,000원 / 해외겸용 8,000원",전월실적 30만원 이상
zgm.휴가중카드,"해외가맹점 최대
5% 적립
여행
20% 할인
항공권, 면세점
0.5% 추가적립","국내전용 25,000원 / 해외겸용 25,000원",전월실적 없음
올바른 MYPICK 카드,"전세계음식점(푸드팩)
5% 할인
쇼핑(쇼핑팩)
5% 할인
주유소/충전소(트레블팩)
5% 할인","국내전용 13,000원 / 해외겸용 13,000원",전월실적 40만원 이상
올바른TRAVEL카드(일본특화),"유니버셜스튜디오재팬
10,000원 할인
해외 이용금액
7% 할인
커피
10% 할인","해외겸용 20,000원",전월실적 30만원 이상
NH올원 LGU+카드,"LGU+
~17,000원 할인
커피/베이커리
10% 할인
놀이공원
30~50% 할인","해외겸용 15,000원",전월실적 30만원 이상
나무 NH농협카드,"이용금액 1위
최대 8% 캐시백
나무멤버스
월 이용료 캐시백
국제공항 라운지
무료 이용","국내전용 15,000원 / 해외겸용 15,000원",전월실적 40만원 이상
New후불하이패스카드,"통행료 최대
50% 자동할인","국내전용 2,000원",전월실적 없음
올바른 BAZIC 카드,"일요일
최대1.2% 할인
해외이용
1.0% 할인
국내공항
라운지 무료이용","해외겸용 14,000원",전월실적 40만원 이상
올바른 NEW HAVE+카드,"국내외가맹점
0.7% 적립
이용금액 1위
5배 적립
이용금액 2위
3배 적립","국내전용 23,000원 / 해외겸용 25,000원",전월실적 없음
ME+(미플러스)카드,"전국음식점
7% 할인
전국대중교통
7% 할인
커피전문점
30% 할인","국내전용 23,000원 / 해외겸용 25,000원",전월실적 30만원 이상
SolSol++(쏠쏠투플러스)카드,"주요 12대 생활업종
최대 12% 할인
커피
10% 할인
국내선 동반자
무료 항공권","해외겸용 50,000원",전월실적 30만원 이상
올바른 OIL&PASS,"주유소
5% 할인
교통
7% 할인
커피전문점
2천원 할인","국내전용 13,000원 / 해외겸용 15,000원",전월실적 40만원 이상
위카드,"전가맹점
0.7~1.5% 적립
매년 1회
5~20만원 캐시백
매년 1회
바우처 제공","해외겸용 200,000원",전월실적 없음
zgm.streaming카드,"멤버십 이용요금
7천원 청구 할인
스트리밍 이용요금
50% 청구 할인
스타벅스 사이렌오더
50% 청구 할인","국내전용 12,000원 / 해외겸용 12,000원",전월실적 40만원 이상
후불하이패스카드(비씨),"출퇴근시간
20~50% 할인","해외겸용 2,000원",전월실적 없음
에코마일리지카드(비씨),"에너지절약시
5만점 적립
학원
5% 적립
병원
5% 적립","국내전용 6,000원 / 해외겸용 8,000원",전월실적 30만원 이상
NH올원 LG전자BEST카드,"선포인트/특별할부
최대2만원 할인
커피
10% 할인
베이커리
10% 할인","해외겸용 15,000원",전월실적 30만원 이상
BAZIC(베이직)카드,"국내가맹점
0.7~1.0% 할인
해외가맹점
0.7% 할인","국내전용 8,000원 / 해외겸용 8,000원",전월실적 없음
NH농협 올바른 하나로(Hanaro) 카드,"농협판매장
5% 적립
생활편의업종
3% 적립
병원, 약국
5% 할인","국내전용 13,000원 / 해외겸용15,000원",전월실적 40만원 이상
쇼핑조아카드,"페이결제시
5% 할인
쇼핑
5% 할인
전가맹점
0.5% 기본할인","국내전용 13,000원 / 해외겸용15,000원",전월실적 40만원 이상
국민행복카드(비씨),"어린이집/유치원
5% 할인
병·의원
5% 할인
각종
정부보조금 지원",해외겸용 없음,전월실적 30만원 이상
올바른지구 카드,"대중교통
7% 청구할인
통신비
5% 청구할인
스포츠
5% 청구할인","국내전용 13,000원 / 해외겸용 15,000원",전월실적 40만원 이상
위 테라카드(스카이패스),"1,500원당
최대2마일 적립
주말사용
최대3마일 적립
연 1회
30만원상당 바우처제공","해외겸용 530,000원",전월실적 50만원 이상
올바른 Edu 카드,"학원비
5% 할인
10대업종
0.5~1% 할인
교육비
2천원 할인","해외겸용25,000원",전월실적 40만원 이상
위 테라카드(포인트),"국내외가맹점
최대2% 적립
주말
최대3% 적립
연 1회
30만원상당 바우처제공","해외겸용 495,000원 / 해외겸용 500,000원",전월실적 50만원 이상
LCC UniMile카드,"저비용항공사
3% UniMile적립
국내외가맹점
0.7~1.4% UniMile적립
공항라운지
무료 이용","해외겸용 25,000원",전월실적 30만원 이상
스카이패스카드,"국내가맹점 1,500원당
1마일 기본적립
영화,커피,서적 1,500원당
2마일 더블적립
면세점,항공권 1,500원당
3마일 트리플적립","해외겸용 15,000원",전월실적 없음
ON PLATINUM카드(스카이패스),"1,500원당
1마일리지 적립
분기실적 150만원 이상 시
1천5백마일리지 적립
공항라운지
무료 이용","국내전용 128,000원 / 해외겸용 130,000원",전월실적 없음
올바른 POINT UP+ 카드,"기본
0.7% 적립
최대
1.2% 추가적립
이체수수료
월10회 면제","해외겸용 23,000원",전월실적 40만원 이상
KT수퍼할부카드(비씨),"KT
라이트할부 제공
KT통신요금
9천~1만7천원 할인
커피,베이커리
10% 할인","해외겸용 15,000원",전월실적 30만원 이상
SOHO 다사로이OIL카드,"주유
5% 할인
비즈니스
0.5% 할인
카카오T대리
10% 할인","국내전용 15,000원 / 해외겸용 17,000원",전월실적 50만원 이상
올바른 BAZIC+ 카드,"주말
최대1.4% 할인
해외이용
1% 할인
선택영역
최대2.1% 할인","해외겸용 23,000원",전월실적 40만원 이상
NH올원 Rental&코웨이카드,"쇼핑 최대
3만원 할인
놀이공원
최대 50% 할인","국내전용 10,000원 / 해외겸용 12,000원",전월실적 없음
SOHO 다사로이+카드,"비즈니스
최대5% 할인
커피
30% 할인
해외가맹점
최대2% 할인","국내전용 23,000원 / 해외겸용 25,000원",전월실적 없음
SolSol(쏠쏠)카드,"주요 12대 생활업종
최대 12% 할인
커피
10% 할인
대중교통
5% 할인","해외겸용 10,000원",전월실적 30만원 이상
NH농협 올바른LIFE카드(적립형),"국내외 가맹점
0.5% 기본적립
생활업종
0.3~0.5% 추가적립
해외이용
0.3~0.5% 추가적립","해외겸용 10,000원",전월실적 없음
NH올원 NH투자증권카드,"국내가맹점 최대
0.9% 적립
해외가맹점
0.9% 적립","국내전용 8,000원 / 해외겸용 10,000원",전월실적 없음
ON PLATINUM카드(포인트),"모든가맹점
0.8% 적립
분기실적 150만원 이상 시
2만5천P 적립
공항라운지
무료 이용","국내전용 118,000원 / 해외겸용 120,000원",전월실적 없음
[NH농협] 그린카드v2,"국내가맹점 최대
1% 적립
온라인 쇼핑
5% 적립
버스/지하철 최대
20% 적립","국내전용 10,000원 / 해외겸용 12,000원",전월실적 20만원 이상
위 레아카드(스카이패스),"1,500원당
최대2마일 적립
특별가맹점
2마일 적립
연 1회
20만원상당 바우처제공","해외겸용 330,000원",전월실적 50만원 이상
위 레아카드(포인트),"국내외가맹점
최대2% 적립
특별가맹점
2% 적립
연 1회
20만원상당 바우처제공","해외겸용 295,000원 / 해외겸용 300,000원",전월실적 50만원 이상
올바른OIL카드,"주유소/충전소
100~150원/L 할인
오토오아시스
차량 경정비 현장할인
커피
10% 적립","해외겸용 15,000원",전월실적 30만원 이상
NH농협 콕카드,"농협 판매장
10% 할인
생활 업종
10% 할인
통신요금
10% 할인","해외겸용 10,000원",전월실적 40만원 이상
SOHO 다사로이카드,"비즈니스
최대5% 할인
해외가맹점
최대1.5% 할인
전가맹점
0.5% 할인","국내전용 12,000원 / 해외겸용 12,000원",전월실적 없음
올바른TRAVEL카드(중국특화),"중국 비자 수수료
50% 할인
해외이용금액
7% 할인
커피
10% 할인","해외겸용 20,000원",전월실적 30만원 이상
적립조아카드,"국내이용시
0.5~1.2% 적립
해외이용시
1~1.5% 적립
해외이용시
감사포인트 적립","국내전용 10,000원 / 해외겸용12,000원",전월실적 없음
Shopping Save카드,"쇼핑가맹점
5~10% 적립
통신요금
5% 적립
대중교통
5% 적립","국내전용 6,000원 / 해외겸용 8,000원",전월실적 10만원 이상
올바른HOMETOWN카드,"홈쇼핑
10% 청구할인
병의원/약국
5% 청구할인
보이스피싱 보상보험
무료 가입","국내전용 12,000원 / 해외겸용 12,000원",전월실적 40만원 이상
NH농협 올바른LIFE카드(할인형),"온라인쇼핑
3% 할인
커피전문점
5% 할인
이동통신요금
2천원 할인","해외겸용 10,000원",전월실적 30만원 이상
T라이트카드,"통신료
최대 17,000원 할인
커피
1천원 할인
놀이공원
50% 할인","해외겸용 10,000원",전월실적 40만원 이상
BAZIC+(베이직플러스)카드,"국내외전가맹점
0.7~1.4% 할인
대중교통/통신요금
5% 할인
국내공항라운지
무료 이용","국내전용 23,000원 / 해외겸용 25,000원",전월실적 없음
NH1961카드,"전가맹점
0.7% 적립
언택트라이프영역
최대50% 적립
범농협판매장
0.8% 적립","국내전용 12,000원 / 해외겸용 14,000원",전월실적 없음
NC다이노스카드,"NC다이노스
2.000원 입장료할인
온라인쇼핑
10% 할인
CGV,롯데시네마
30% 할인","국내전용 8,000원 / 해외겸용 10,000원",전월실적 30만원 이상
NH올원+(플러스)카드,"모든가맹점
0.7~0.9% 적립
해외이용액
1.2% 적립","국내전용 23,000원 / 해외겸용 25,000원",전월실적 없음
ON PLATINUM카드(아시아나클럽),"1천원당
1마일리지 적립
분기실적 150만원 이상 시
1천5백마일리지 적립
공항라운지
무료 이용","국내전용 128,000원 / 해외겸용 130,000원",전월실적 없음
zgm.rounding카드,"골프장, 골프연습장
5% 할인
쇼골프연습장
50% 할인
홀인원축하금 연1회
100만원 제공","국내전용 23,000원 / 해외겸용 25,000원",전월실적 30만원 이상
zgm.고향으로카드,"NH포인트(지역)
최대 1.7% 적립
NH포인트(평일)
0.7% 적립
NH포인트(주말)
1.0% 적립","국내전용 12,000원 / 해외겸용 12,000원",전월실적 없음
NH올원카드,"전월실적 상관없이
0.9~0.7% 적립
해외이용액
0.9% 적립
제휴서비스
OK캐쉬백 적립","국내전용 8,000원 / 해외겸용 10,000원",전월실적 없음
올바른SAFE카드,"국내외가맹점
0.7% 무제한적립
대출보유시
6,000 포인트적립
온/오프라인쇼핑
0.5% 추가적립","국내전용 12,000원 / 해외겸용 12,000원",전월실적 없음
할인조아카드,"주유소
60원/L 할인
영화
2천원 할인
놀이공원
연6회 할인","국내전용 13,000원 / 해외겸용15,000원",전월실적 40만원 이상
GS리테일 NH농협카드,"GS리테일 점내
2% 포인트적립
국내 전가맹점
1% 포인트적립
해외 전가맹점
2% 포인트적립","국내전용 12,000원 / 해외겸용 12,000원",전월실적 없음
NH올원 Rental&넥센타이어카드,"넥센타이어 렌탈료
최대3만원 할인
놀이공원
최대 50% 할인","국내전용 10,000원 / 해외겸용 12,000원",전월실적 30만원 이상
NH농협 부자되세요 아파트카드(비씨),"아파트관리비
최대 1만원 할인
쇼핑
최대 1만원 할인
학원
최대 1만원 할인","해외겸용 10,000원",전월실적 40만원 이상
NH올원 Rental&바디프랜드카드,"쇼핑 최대
3만원 할인
놀이공원
최대 50% 할인","국내전용 12,000원 / 해외겸용 14,000원",전월실적 30만원 이상
NH올원 하나로카드,"농협판매장
10% 적립
모든가맹점
0.2% 적립
제휴서비스
OK캐쉬백 적립","국내전용 8,000원 / 해외겸용 10,000원",전월실적 10만원 이상
#ing(샵핑)카드,"주요쇼핑업종
5% 할인
온라인쇼핑
5% 할인
모든해외업종
5% 할인","국내전용 8,000원 / 해외겸용 10,000원",전월실적 30만원 이상
위 레아카드(아시아나클럽),"1,000원당
최대2마일 적립
특별가맹점
2마일 적립
연 1회
20만원상당 바우처제공","해외겸용 330,000원",전월실적 50만원 이상
위 테라카드(아시아나클럽),"1,000원당
최대2마일 적립
주말사용
최대3마일 적립
연 1회
30만원상당 바우처제공","해외겸용 530,000원",전월실적 50만원 이상
NH올원 Direct&DB손해보험카드,"보험료 최대
3만원 할인
주유
5% 할인
외식
3% 할인","국내전용 8,000원 / 해외겸용 10,000원",전월실적 30만원 이상
올바른 GIVE 카드,"기부전용포인트
0.8% 적립
온라인쇼핑
5% 할인
종합건강검진비
2만원 할인","국내전용 23,000원 / 해외겸용 25,000원",전월실적 없음
펫블리(PETvely) 카드,"반려동물관련
7% 적립
온라인오픈마켓
5% 적립
커피전문점
5% 할인","해외겸용 23,000원 / 해외겸용 25,000원",전월실적 30만원 이상
올바른SAFE Platinum카드,"국내외가맹점
0.7% 무제한적립
온/오프라인쇼핑
0.5% 추가적립
대출보유시
6,000 포인트적립","국내전용 100,000원 / 해외겸용 100,000원",전월실적 없음
#ing+(샵핑플러스)카드,"주요쇼핑업종
7% 할인
온라인쇼핑
7% 할인
모든해외업종
7% 할인","국내전용 23,000원 / 해외겸용 25,000원",전월실적 30만원 이상
엘포인트카드(비씨),"롯데쇼핑계열
3% 적립
생활업종
1% 적립
하나로마트
3% 할인","해외겸용 15,000원",전월실적 50만원 이상
NH올원 Shopping&AMOREPACIFIC카드,"뷰티
5~10% 할인
커피
10% 할인
베이커리
5% 할인","국내전용 10,000원 / 해외겸용 12,000원",전월실적 30만원 이상
부자되세요 HomeShopping카드(비씨),"6대 홈쇼핑
6% 할인
커피
10% 할인
영화
3,000원 할인","해외겸용 10,000원",전월실적 20만원 이상
NH20해봄체크카드,"온라인쇼핑몰
5% 할인
배달앱
5% 할인
커피
20% 할인",국내전용 없음 / 해외겸용 없음,전월실적 20만원 이상
라이언 치즈 체크카드,"커피
최대 1% 적립
대중교통
1.5% 적립
유튜브결제
5% 적립",국내전용 없음 / 해외겸용 없음,전월실적 20만원 이상
올바른POINT체크카드,"전 가맹점
0.4~0.2% 적립
해외
0.3% 추가적립
국제공항라운지
무료 이용",해외겸용 없음,전월실적 없음
올리 POINT 체크,"국내외가맹점
0.2% 기본적립
1~2위 이용영역
2~3배 적립
공항라운지
무료 이용",국내전용 없음 / 해외겸용 없음,전월실적 없음
올바른 NEW HAVE체크카드,"국내외가맹점
0.2% 적립
이용금액1위
3배 적립
국제공항라운지
무료 아용",국내전용 없음 / 해외겸용 없음,전월실적 없음
어피치 스윗 체크카드,"온라인 간편결제
3% 할인
카페
4% 할인
넷플릭스
5% 할인",국내전용 없음 / 해외겸용 없음,전월실적 30만원 이상
BAZIC(베이직)체크카드,"국내외 전 가맹점
0.3~0.2% 할인",국내전용 없음 / 해외겸용 없음,전월실적 없음
내일배움체크카드,"주유소
40원/L 할인
서적
10% 할인
커피
10% 할인",국내전용 없음,전월실적 없음
NH농협 올바른 하나로(Hanaro) 체크카드,"전 가맹점
0.2% 기본적립
농협판매장
0.5~1% 추가적립
공항라운지
무료 이용",국내전용 없음 / 해외겸용 없음,전월실적 없음
올바른GLOBAL체크카드,"해외구매시
2% 캐시백
국제공항라운지
무료 이용
10대업종
1.0~0.5% 캐시백",해외겸용 없음,전월실적 20만원 이상
GS리테일 NH농협체크카드,"GS리테일 점내
2% GS포인트 적립
국내가맹점
0.2% NH포인트 적립
국외가맹점
1% NH포인트 적립",국내전용 없음 / 해외겸용 없음,전월실적 없음
NEW농촌사랑체크카드,"NH포인트
최대0.5% 적립
GS칼텍스
40원/L 할인
놀이공원
연6회 할인",해외겸용 없음,전월실적 20만원 이상
NH올원체크카드,"실적관계없이
0.4~0.2% 적립
해외이용액
0.4% 적립
OK캐시백
포인트 적립",해외겸용 없음,전월실적 없음
Global체크카드,"어학원
10~5% 할인
어학시험
10~5% 할인
전세계 스타벅스
30~20% 할인",해외겸용 없음,전월실적 10만원 이상
Air Money(에어머니)체크,"국내/해외가맹점
0.2% 에어머니적립
3개월연속 30만원이상 이용시
0.2% 추가적립",국내전용 없음 / 해외겸용 없음,전월실적 없음
NC다이노스체크카드,"NC다이노스 입장권
2,000원 할인
온라인쇼핑
5% 할인
커피
10% 할인",해외겸용 없음,전월실적 30만원 이상
국민행복체크카드(비씨),"병/의원
3% 할인
온라인쇼핑
3% 할인
커피
10% 할인",해외겸용 없음,전월실적 30만원 이상
농부의마음 Farmers Heart 체크카드,"일상생활영역
1% 적립
농협계통업종
1% 적립
농업관련업종
1% 적립",국내전용 없음 / 해외겸용 없음,전월실적 없음
NH올원 NH투자증권체크카드,"국내가맹점 최대
0.4% 적립
해외가맹점
0.4% 적립",해외겸용 없음,전월실적 없음
#ing(샵핑) 체크카드,"백화점/대형마트
3% 할인
온라인쇼핑
3% 할인
해외이용
3% 할인",해외겸용 없음,전월실적 20만원 이상
GOODGAME 체크카드,"앱마켓
10% 할인
스팀(Steam)
10% 할인
PC방
10% 할인",국내전용 없음 / 해외겸용 없음,전월실적 20만원 이상
콕체크카드,"국내외 전 가맹점
최대 0.5% 적립
에코머니
최대 5% 적립",해외겸용 없음,전월실적 없음
NH1934 체크카드,"국내외가맹점
0.2% 할인
주말 국내가맹점
0.3% 할인",국내전용 없음 / 해외겸용 없음,전월실적 50만원 이상
jumjum(점점) 체크카드(비씨),"국내외 전 가맹점
0.4~0.2% 적립",해외겸용 없음,전월실적 없음
체크카드,"농협판매장
5% 적립
주유소
40원/L 할인
영화
10% 할인",국내전용 없음 / 해외겸용 없음,전월실적 20만원 이상
아이행복체크카드(비씨),"온라인쇼핑
5~3% 할인
병원
3% 할인
커피
5% 할인",해외겸용 없음,전월실적 20만원 이상
마일앤조이카드(대한항공),"1,500원당
3~1마일 적립
KTX, SRT
10% 할인
공항라운지
연 2회 무료","해외겸용 30,000원",전월실적 없음
BLISS.7 카드(마일리지),"1,500원당
1마일 적립
1,500원당 최대
2마일 특별적립
바우처
20만원상당 제공","해외겸용 200,000원",전월실적 없음
IBK 무직타이거 카드(신용),"버스,지하철
건당 200원 할인
주유소/충전소
60원/L 할인
온라인쇼핑
20% 할인","국내전용 10,000원 / 해외겸용 12,000원",전월실적 50만원 이상
마일앤조이카드(아시아나),"1,000원당
3~1마일 적립
KTX, SRT
10% 할인
공항라운지
연 2회 무료","해외겸용 30,000원",전월실적 없음
BLISS.5 카드(마일리지),"1,500원당
1마일 적립
바우처 최대
10만원 제공
영화
2천원 할인","해외겸용 95,000원",전월실적 30만원 이상
Daily With(데일리위드)카드,"6대생활영역
1% 기본캐시백
최다이용영역
1% 추가캐시백","국내전용 10,000원 / 해외겸용 12,000원",전월실적 50만원 이상
Oil & Life카드(Oil카드),"GS칼텍스(LPG포함)
120원/L 할인
CGV, 롯데시네마
2,000원 현장할인
주요 놀이공원
50% 할인","해외겸용 5,000원",전월실적 30만원 이상
ONE AIR(UniMile),"1,500원당
10~30마일 적립
공항라운지
연 2회 무료
스타벅스
2천원 할인","국내전용 10,000원 / 국내외겸용 10,000원",전월실적 30만원 이상
일상의 기쁨카드(신용),"대중교통
200원 할인
영화
10,000원 할인
커피전문점
20% 할인","해외겸용 10,000원",전월실적 50만원 이상
BLISS.7 카드(포인트),"1,500원당
15P 적립
1,500원당 최대
20P 특별적립
바우처
20만원상당 제공","해외겸용 190,000원",전월실적 없음
IBK무민카드(신용),"주요 커피전문점
20% 할인
쿠팡, 티몬, 위메프
20% 할인
편의점
10% 할인","국내전용 10,000원 / 해외겸용 10,000원",전월실적 50만원 이상
IBK-Hybrid(하이브리드)카드,"전월실적 관계없이
신용 0.6% 캐시백
국내외 가맹점
체크 0.3% 캐시백
하이브리드 서비스
체크+신용 결제서비스","해외겸용 10,000원",전월실적 없음
BLISS.5 카드(포인트),"1,500원당
10P 적립
바우처 최대
10만원 제공
영화
2천원 할인","해외겸용 95,000원",전월실적 30만원 이상
일년의 설렘카드,"정액캐시백
최대 70만원 지급
전자금융
이체수수료 면제
놀이공원
할인","해외겸용 10,000원",전월실적 50만원 이상
CEO카드,"Air Money 포인트
최대 2% 적립
바우처 서비스
연 1회 제공
전세계 공항라운지
무료 이용","해외겸용 220,000원",전월실적 70만원 이상
Oil & Life카드(Life카드),"전국 음식점
10% 할인
커피전문점
10% 할인
GS칼텍스(LPG포함)
60원/L 할인","해외겸용 5,000원",전월실적 40만원 이상
I-ALL,"국내·외 가맹점
0.5% 할인
홈쇼핑, 배달앱, 대형마트
최대 1.5% 할인
OTT, 온라인멤버십
최대 7% 할인","국내전용 14,000원 / 해외겸용 15,000원",전월실적 없음
[IBK] 그린카드v2,"국내가맹점 최대
1% 적립
버스,지하철 최대
20% 적립
온라인업종
5% 적립","해외겸용 10,000원 / 해외겸용 12,000원",전월실적 20만원 이상
참! 좋은 다이소카드(신용),"다이소
30% 할인
드럭스토어/헤어
10~20% 할인
편의점/커피
10~20% 할인","해외겸용 10,000원",전월실적 30만원 이상
제주항공 Refresh Point 카드,"1,000원당
10~30P 적립
국내공항
라운지 무료이용","해외겸용 20,000원",전월실적 없음
참! 좋은 kt wiz 카드(신용),"국내가맹점
0.2~0.4% 적립
kt wiz
입장권/야구용품 할인
마트/외식/쇼핑 등
5~20% 할인","해외겸용 2,000원",전월실적 없음
IBK hi 카드,"지하철, 버스 최대
300원 할인
아웃백, 빕스
10% 할인
GS주유소(LPG포함)
40원/L 할인","국내전용 2,000원 / 해외겸용 4,000원",전월실적 20만원 이상
자연드림 IBK카드,"주유소(LPG포함)
60원/L 할인
소셜커머스
20% 할인
영화관
8천원 할인","해외겸용 2,000원 / 해외겸용 5,000원",전월실적 없음
국민행복카드(신용),"어린이집/유치원/학원
5% 할인
커피전문점
20% 할인
병/의원, 산후조리원
5% 할인",국내전용 없음,전월실적 30만원 이상
쇼핑앤조이 카드,"버스, 지하철, 택시
5% 할인
온라인쇼핑
5,000원 할인
스타벅스
2,000원 할인","해외겸용 10,000원",전월실적 30만원 이상
EV카드,"국내외이용금액
0.3% 적립
대중교통
0.5% 적립
주유소/전기차충전
0.5% 할인","국내전용 9,000원 / 해외겸용 10,000원",전월실적 30만원 이상
IBK DC히어로즈 카드(신용),"음식점
1% 캐시백
병원비
1% 캐시백
이용금액 최다영역
1% 추가캐시백","국내전용 10,000원 / 해외겸용 12,000원",전월실적 50만원 이상
일년의 설렘카드(모바일전용),"연간 이용금액에 따라
최대 70만원 캐시백
놀이공원 최대
50% 할인","국내전용 5,000원 / 해외겸용 5,000원",전월실적 없음
olleh Super DC IBK카드,"KT 통신요금
15,000~7,000원 할인
모든 주유소/충전소
60원/L 할인
패밀리레스토랑
10% 할인","해외겸용 10,000원",전월실적 30만원 이상
용인시민카드(신용),"용인 주요 테마파크
최대60% 할인
대형마트
5% 할인
온라인쇼핑
20% 할인","국내전용 5,000원 / 해외겸용 7,000원",전월실적 30만원 이상
IBK-Syrup카드[신용],"모바일쿠폰 최대
4만원 지급
Syrup(시럽)
멤버십서비스 제공","해외겸용 5,000원 / 해외겸용 7,000원",전월실적 30만원 이상
skylife Ultra IBK카드,"skylife서비스 최대
1만원 할인
마트, 대형할인점
5% 할인
놀이공원 최대
50% 할인","국내전용 10,000원 / 해외겸용 10,000원",전월실적 30만원 이상
아모레퍼시픽 IBK카드,"아모레퍼시픽
10% 할인
영화
1만원 할인
커피전문점
20% 할인","해외겸용 10,000원",전월실적 50만원 이상
IBK무민카드(체크),"대중교통
건당100원 할인
온라인쇼핑
10% 할인
커피전문점
10% 할인",국내전용 없음 / 해외겸용 없음,전월실적 30만원 이상
IBK 나라사랑카드,"대중교통
10% 할인
철도/고속버스
5% 할인
CU
5% 현장할인",국내전용 없음,전월실적 8만원 이상
IBK 무직타이거 카드(체크),"버스,지하철
건당 100원 할인
온라인쇼핑
10% 할인
편의점
5% 할인",국내전용 없음 / 해외겸용 없음,전월실적 30만원 이상
이지캐시백,"전 가맹점
0.2% 캐시백
점심/저녁시간
3배 캐시백",국내전용 없음 / 해외겸용 없음,전월실적 없음
참! 좋은 글로벌 체크카드,"해외가맹점
1.5% 캐시백
국내가맹점
0.1% 캐시백","국내전용 없음 / 해외겸용 3,000원",전월실적 없음
IBK DC히어로즈 카드(체크),"국내·해외 전가맹점
0.2% 캐시백
점심·저녁시간
3배 캐시백
전자금융·ATM 출금 및 이체
수수료 면제",국내전용 없음 / 해외겸용없음,전월실적 없음
일상의 기쁨카드(체크),"버스/지하철
건당 100원 할인
편의점
5% 할인
영화
4,000원 할인",해외겸용 없음,전월실적 30만원 이상
참! 좋은 다이소카드(체크),"다이소
20% 할인
편의점/드럭스토어
5% 할인
소셜커머스
10% 할인",해외겸용 없음,전월실적 20만원 이상
하이틴즈 체크카드,"편의점
500원 할인
패스트푸드
500원 할인
독서실
1천원 할인",국내전용 없음,전월실적 10만원 이상
일상의 기쁨 Dream 체크카드,"버스,지하철 건당
100원 할인
편의점
5% 할인
커피
10% 할인",해외겸용 없음,전월실적 30만원 이상
참! 좋은 kt wiz 카드[체크],"소셜커머스
20% 할인
영화
4천원 할인
커피전문점
20% 할인","해외겸용 3,000원",전월실적 20만원 이상
카카오페이 체크카드,"카카오페이 가맹점
15% 할인
온라인쇼핑
10% 할인
편의점/드럭스토어
5% 할인",국내전용 없음,전월실적 20만원 이상
IBK 국민행복 체크카드,"어린이집/유치원
3% 할인
병/의원
3% 할인
커피
10% 할인",국내전용 없음,전월실적 20만원 이상
이사배 카드,"드럭스토어
2천원 할인
화장품업종
2천원 할인
미용실
2천원 할인",국내전용 없음 / 해외겸용 없음,전월실적 30만원 이상
IBK-Syrup카드[체크],"모바일쿠폰 최대
2만원 지급
Syrup(시럽)
멤버십서비스 제공",해외겸용 없음,전월실적 30만원 이상
현대카드 M BOOST,"업종별
0.5~3% 기본적립
온라인 간편결제
5% 적립
해외가맹점
5% 적립","국내전용 30,000원 / 해외겸용30,000원",전월실적 50만원 이상
현대카드ZERO Edition2(할인형),"모든가맹점
0.7% 할인
생활필수영역
1.5% 할인","국내전용 10,000원 / 해외겸용 10,000원",전월실적 없음
네이버 현대카드,"네이버플러스멤버십
무료 이용권
네이버플러스멤버십 회원
5% 적립
그외가맹점
1% 적립","국내전용 10,000원 / 해외겸용 10,000원",전월실적 30만원 이상
the Green Edition2,"바우처
10만원 제공
공항라운지
무료 이용
M포인트 최대
2% 적립","국내전용 150,000원 / 해외겸용 150,000원",전월실적 50만원 이상
American Express® Gold Card,"매년 연간스페셜
3만MR 적립(30만원 상당)
공항라운지/발레파킹
무료 이용
1,000원당 최대
3MR 적립","해외겸용 300,000원",전월실적 없음
대한항공카드 030,"국내외가맹점
1마일리지 적립
특정업종
2마일리지 적립
웰컴보너스
3천마일리지 적립","국내전용 30,000원 / 해외겸용 30,000원",전월실적 없음
the Red Edition5,"바우처 최대
20만원 제공
공항라운지
무료 이용
M포인트 최대
2% 적립","국내전용 300,000원 / 해외겸용 300,000원",전월실적 50만원 이상
현대카드 X BOOST,"모든가맹점
1~1.5% 기본할인
온라인 간편결제
5% 할인
해외가맹점
5% 할인","국내전용 30,000원 / 해외겸용30,000원",전월실적 50만원 이상
현대카드Z family,"온라인쇼핑
10% 할인
배달앱
10% 할인
주유소
100원/L 할인","국내전용 10,000원 / 해외겸용 10,000원",전월실적 40만원 이상
현대카드 M3 BOOST,"업종별 최대
6% 적립
온라인 간편결제
5% 적립
해외가맹점
5% 적립","국내전용 90,000원 / 해외겸용90,000원",전월실적 50만원 이상
현대카드ZERO Edition2(포인트형),"국내외 가맹점
1% 기본적립
생활필수영역
2.5% 적립","국내전용 10,000원 / 해외겸용 10,000원",전월실적 없음
the Pink,"국내외가맹점 최대
2% 적립
프리미엄쇼핑
5% 적립
웰컴바우처
10만원 제공","국내전용 150,000원 / 해외겸용150,000원",전월실적 50만원 이상
대한항공카드 150,"국내외가맹점
1마일리지 적립
특정업종
2~3마일리지 적립
항공권바우처
5만원상당 제공","국내전용 150,000원 / 해외겸용 150,000원",전월실적 없음
the Purple osée,"호텔&여행&쇼핑바우처
최대4매 제공
마일리지or포인트
선택형 서비스
공항라운지
무료 이용","국내전용 800,000원 / 해외겸용 800,000원",전월실적 없음
현대카드 M2 BOOST,"업종별
0.5~3% 기본적립
온라인 간편결제
5% 적립
해외가맹점
5% 적립","국내전용 60,000원 / 해외겸용60,000원",전월실적 50만원 이상
현대카드 MX Black,"온라인쇼핑
10% 할인
배달앱
10% 할인
모든가맹점
1% 적립","국내전용 150,000원 / 해외겸용 150,000원",전월실적 50만원 이상
American Express The Platinum Card®,"매년 연간스페셜
10만MR 적립(100만원 상당)
공항라운지/발레파킹
무료 이용
1천원당 최대
4.5MR 적립","해외겸용 1,000,000원",전월실적 없음
현대카드Z ontact,"온라인쇼핑 멤버십
70% 할인
스마트오더
50% 할인
디지털 콘텐츠
30% 할인","국내전용 10,000원 / 해외겸용 10,000원",전월실적 40만원 이상
대한항공카드 070,"국내외가맹점
1마일리지 적립
특정업종
2마일리지 적립
웰컴보너스
5천마일리지 적립","국내전용 70,000원 / 해외겸용 70,000원",전월실적 없음
대한항공카드 the First,"국내외가맹점
1마일리지 적립
특정업종
3~5마일리지 적립
힝공권바우처
5만원상당 제공(연2회)","국내전용 500,000원 / 해외겸용 500,000원",전월실적 없음
현대카드ZERO(할인형),"모든가맹점
0.7% 할인
생활필수영역
+0.5% 추가할인
선결제 시
+0.3% 추가할인","국내전용 5,000원 / 해외겸용 5,000원",전월실적 없음
현대카드Z work,"커피전문점
50% 할인
편의점
10% 할인
온라인 간편결제
10% 할인","국내전용 10,000원 / 해외겸용 10,000원",전월실적 40만원 이상
the Red Stripe,"바우처
최대 70만원 제공
M포인트 또는 마일리지
선택 적립
10만원 상당
로열티 보너스 제공","국내전용 500,000원 / 해외겸용 500,000원",전월실적 50만원 이상
American Express® Green Card,"매년 연간스페셜
1만MR 적립(10만원상당)
다이닝 연 최대
6만원 할인
1,500원당 최대
3MR 적립","해외겸용 100,000원",전월실적 없음
현대카드ZERO MOBILE Edition2(포인트형),"국내외 가맹점
1% 기본적립
모바일 필수 영역
2.5% 적립","국내전용 10,000원 / 해외겸용 10,000원",전월실적 없음
코스트코 리워드 현대카드,"코스트코 매장,온라인몰
1~3% 적립
영화,편의점,교통
1~2% 적립
그 외 가맹점
1% 적립","국내전용 10,000원 / 해외겸용 10,000원",전월실적 없음
the Green,"여행,고메,해외쇼핑
5% 특별적립
바우처
10만원권 제공
연간보너스
5만포인트 적립","국내전용 145,000원 / 해외겸용 150,000원",전월실적 50만원 이상
스타벅스 현대카드,"3만원 이용 시마다
스타벅스 별 적립
VISA/Master
플래티넘 서비스","국내전용 30,000원 / 해외겸용 30,000원",전월실적 30만원 이상
현대카드ZERO MOBILE Edition2(할인형),"국내외가맹점
0.7% 할인
모바일 필수 영역
1.5% 할인","국내전용 10,000원 / 해외겸용 10,000원",전월실적 없음
배민현대카드,"배달의민족
3% 적립
온라인쇼핑
2% 적립
디지털콘텐츠
2% 적립","국내전용 10,000원 / 해외겸용 10,000원",전월실적 30만원 이상
이마트 e카드 Edition2,"이마트 7대 가맹점 최대
5% 적립
생활편의영역 최대
5% 적립
그 외 모든 가맹점 최대
0.5% 적립","국내전용 20,000원 / 해외겸용 20,000원",전월실적 없음
NOL 카드,"NOL포인트
10% 적립
해외결제
10% 적립
커피·편의점·쇼핑
10% 적립","국내전용 20,000원 / 해외겸용 20,000원",전월실적 40만원 이상
SKT-현대카드M Edition3(라이트할부형2.0),"SKT라이트할부 최대
2만5천원 할인
국내외가맹점 최대
3% 적립
신차 구매 시
1.5% 적립","국내전용 20,000원 / 해외겸용 20,000원",전월실적 50만원 이상
에너지플러스카드 Edition2,"GS칼텍스 이용금액
최대15% 할인
Mobility업종 이용금액
5% 할인","국내전용 10,000원 / 해외겸용 10,000원",전월실적 30만원 이상
SmileCard Edition2,"스마일페이 가맹점/해외
2% 적립
해외가맹점
2% 적립
그 외 가맹점
1% 적립","국내전용 10,000원 / 해외겸용 10,000원",전월실적 없음
SSG.COM 카드 Edition2,"SSG.COM
7% 적립
모든 가맹점
0.5% 적립
스마일클럽
정기결제 금액지원","국내전용 10,000원 / 해외겸용 10,000원",전월실적 30만원 이상
무신사 현대카드,"무신사 및 솔드아웃
5% 할인
그외가맹점 무신사적립금
1% 적립","국내전용 10,000원 / 해외겸용 10,000원",전월실적 30만원 이상
현대카드 MY BUSINESS ZERO Retail&Service,"모든가맹점
0.7% 할인
사업성경비
1.5% 할인
통신요금
1.5% 할인","국내전용 30,000원 / 해외겸용 30,000원",전월실적 없음
Kia Members 경차전용카드(유류세 환급),"경차
유류세 환급
주유소, 충전소
100~400원/L 할인
국내가맹점
0.5% 적립",국내전용 없음,전월실적 없음
미래에셋 현대카드 Diamond,"스탁마일리지
5% 특별적립
바우처 제공
30만원 상당
공항라운지
연 10회 무료","국내전용 500,000원 / 해외겸용 500,000원",전월실적 50만원 이상
미래에셋 현대카드 Gold,"스탁마일리지
3% 특별적립
바우처 제공
10만원 상당
공항 라운지
연 2회 무료","국내전용 150,000원 / 해외겸용 150,000원",전월실적 50만원 이상
현대카드 X3 BOOST,"모든가맹점
1~1.5% 기본할인
온라인 간편결제
5% 할인
보너스
1만원 캐시백","국내전용 90,000원 / 해외겸용90,000원",전월실적 50만원 이상
현대카드ZERO(포인트형),"국내외 가맹점
1% 기본적립
6대 생활필수영역
+1% 추가적립
선결제 시
+0.5% 추가적립","국내전용 5,000원 / 해외겸용 5,000원",전월실적 없음
Hyundai Mobility(모빌리티) 카드,"차량유지관리 업종
3% 적립
대중교통, 쏘카, 타다
2% 적립
그외 일반가맹점
1% 적립","국내전용 30,000원 / 해외겸용 30,000원",전월실적 50만원 이상
현대카드M-경차전용카드(유류세 환급),"경차
유류세환급 혜택
현대오일뱅크/SK에너지
200원·400원/L 할인
국내 가맹점
0.5% 적립",국내전용 없음,전월실적 30만원 이상
Kia Members 신용카드 Edition2,"신차 구매 시
1.5% M포인트 적립
당월 이용금액에 따라
최대 1% M포인트 적립
KIA Members 제휴처
최대 2% 기아멤버스 포인트 적립","국내 30,000원 / 해외겸용 30,000원",전월실적 없음
the Purple Edition2,"여행&쇼핑 바우처
연 1회 제공
마일리지or포인트
선택형 서비스
본인회원
PP카드 제공","국내전용 795,000원 / 해외겸용 800,000원",전월실적 없음
넥슨 현대카드,"국내외 가맹점
0.5% 포인트 적립
국내외 가맹점
1.5% 포인트 추가 적립","국내전용 10,000원 / 해외겸용 10,000원",전월실적 없음
SSG.COM카드,"SSG.COM
2~4% 적립
생활편의영역
3~5% 적립
그 외 가맹점
0.5% 적립","국내전용 20,000원 / 해외겸용 20,000원",전월실적 30만원 이상
캐롯손해보험-현대카드M Edition3,"캐롯손해보험료 납부 시
최대 24,000원 할인
업종별
0.5~3% 적립
현대,기아차 구매 시
1.5% 특별적립","국내 30,000원 / 해외겸용 30,000원",전월실적 50만원 이상
SmileCard the Club,"스마일배송 가맹점
3% 적립
스마일페이가맹점/해외
2% 적립
그 외 가맹점
1% 적립","국내전용 50,000원 / 해외겸용 50,000원",전월실적 없음
Hyundai Mobility(모빌리티) Platinum,"차량유지관리 업종 최대
4.5% 적립
대중교통/쏘카/타다 최대
3% 적립
그외 가맹점 최대
1.5% 적립","국내전용 70,000원 / 해외겸용 70,000원",전월실적 50만원 이상
the Red Edition3,"업종별
0.5~2% 적립
이용금액에 따라
0.75~4% 적립
50만원상당
바우처 제공","국내전용 295,000원 / 해외겸용 300,000원",전월실적 없음
the Red Edition4,"50만원이상이용
기본1% 적립
200만원이상이용
기본X2배 적립
바우처
20만원상당 제공","국내전용 300,000원 / 해외겸용 300,000원",전월실적 50만원 이상
현대카드 DIGITAL LOVER,"디지털스트리밍
1만원 할인
간편결제
5% 할인","국내전용 20,000원 / 해외겸용 20,000원",전월실적 50만원 이상
현대카드 X2 BOOST,"모든가맹점
1~1.5% 기본할인
온라인 간편결제
5% 할인
해외가맹점
5% 할인","국내전용 60,000원 / 해외겸용60,000원",전월실적 50만원 이상
넥슨 현대카드UNLIMITED,"국내외 가맹점
최대 3% 포인트 적립
넥슨 현대카드 포인트
연간 6만 바우처 제공
PC방 결제 시
최대 3천원 청구 할인","국내전용 150,000원 / 해외겸용 150,000원",전월실적 없음
현대카드ZERO MOBILE(포인트형),"국내외 가맹점
1% 기본적립
6대 온라인쇼핑
+1.5% 추가적립
선결제 시
+0.5% 추가적립","국내전용 5,000원 / 해외겸용 5,000원",전월실적 없음
인플카 현대카드,"인플카 현대카드 보유 시
인플카 앱 서비스 이용 가능
배달앱 이용 금액
10% M포인트 적립
편의점 이용 금액
10% M포인트 적립","국내전용 10,000원 / 해외겸용 10,000원",전월실적 40만원 이상
Kia Members 경차전용카드,"주유 및 충전 시, 리터당
100~400원 청구할인
현대해상 자동차 보험료
3만원 청구할인
국내 가맹점
0.5% 적립","국내전용 5,000원",전월실적 없음
현대카드 MY BUSINESS ZERO Food&Drink,"모든가맹점
0.7% 할인
사업성경비
1.5% 할인
대형마트/슈퍼마켓
1.5% 할인","국내전용 30,000원 / 해외겸용 30,000원",전월실적 없음
쏘카카드,"쏘카 앱 최대
3% 적립
대중교통 최대
3% 적립
일반가맹점 최대
3% 적립","국내전용 10,000원 / 해외겸용 10,000원",전월실적 30만원 이상
코스트코 리워드 비즈니스 현대카드,"코스트코 리워드 포인트
1~3% 적립
생활편의영역
1~2% 적립
그 외 가맹점
1% 적립","국내전용 10,000원 / 해외겸용 10,000원",전월실적 없음
현대카드ZERO MOBILE(할인형),"국내외가맹점
0.7% 할인
6대온라인쇼핑
+0.8% 추가할인
선결제 시
+0.3% 추가할인","국내전용 5,000원 / 해외겸용 5,000원",전월실적 없음
현대카드 MY BUSINESS ZERO Online Seller,"모든가맹점
0.7% 할인
사업성경비
1.5% 할인
온라인쇼핑
1.5% 할인","국내전용 30,000원 / 해외겸용 30,000원",전월실적 없음
PlayStation® - 현대카드M,"PlayStation®Plus
정기구독서비스 캐시백
게임 콘텐츠 결제 시 최대
1만 5천원 청구할인
모든가맹점
0.2% 기본적립","국내전용 20,000원 / 해외겸용 20,000원",전월실적 없음
Kia Members 전기차 신용카드,"신차 구매 시
1.5% M포인트 적립
당월 이용금액
0.5% M포인트 적립
전기차 충전 최대
70% 할인","국내 30,000원 / 해외겸용 30,000원",전월실적 50만원 이상
미래에셋 현대카드 Silver,"스탁마일리지
2% 특별 적립
스탁마일리지
1% 기본적립","국내전용 30,000원 / 해외겸용 30,000원",전월실적 50만원 이상
산림조합-현대카드M(청구할인형),"산림조합 납부금액
최대 17,000원 할인
국내외 전 가맹점
0.2% 적립
현대,기아차 구매 시
1.5% 특별적립","국내 10,000원 / 해외겸용 10,000원",전월실적 없음
Hyundai Mobilty카드(상용차),"우대 주유소
25~85 포인트 적립
일반 가맹점
0.2% 포인트 적립
신차 구매 시
1.5% 포인트 적립","국내전용 30,000원 / 해외겸용30,000원",전월실적 30만원 이상
현대카드M CHECK,"이용금액별
1~0.5% 적립","국내전용 2,000원",전월실적 없음
현대카드M HYBRID,"이용금액별
1~0.5% 적립",국내전용 없음,전월실적 없음
현대카드X CHECK,"사용금액별
0.6~0.3% 적립","국내전용 2,000원",전월실적 없음
SC제일은행-현대카드 M CHECK,"월 100만원 미만 이용 시
0.5% M포인트 적립
월 100만원 이상 이용 시
1% M포인트 적립
전국 CD·ATM
현금 인출 가능",국내전용 없음 / 해외겸용 없음,전월실적 없음
현대카드X HYBRID,"이용금액별
0.6~0.3% 적립",국내전용 없음,전월실적 없음
SC제일은행-현대카드 X CHECK,"월 100만원 미만 이용 시
0.3% X캐시백 적립
월 100만원 이상 이용 시
0.6% X캐시백 적립
전국 CD·ATM
현금 인출 가능",국내전용 없음 / 해외겸용 없음,전월실적 없음
인플카 현대카드 CHECK,"배달앱
1% 적립
편의점
1% 적립
통신요금 자동이체
1% 적립","국내전용 5,000원",전월실적 없음
현대카드M CHECK-경차전용카드(유류세 환급),"국내 가맹점
최대 1% M포인트 적립
경차 유류세
환급",없음,전월실적 없음
始發(시발)카드,"배달앱 최대
1,800원 할인
편의점 최대
1,800원 할인
실적/한도없이
0.7% 할인","국내전용 5,000원 / 해외겸용 8,000원",전월실적 없음
BC 바로 클리어 플러스,"점심식사/배달앱
7% 할인
온라인쇼핑
10% 할인
휴대폰요금/스트리밍
10% 할인","국내전용 5,000원 / 해외겸용 5,000원",전월실적 15만원 이상
BC 바로 페이백 플러스,"전 가맹점
0.7% 기본 할인
온라인쇼핑
6.3% 추가 할인
음식점
6.3% 추가 할인","국내전용 15,000원 / 해외겸용 15,000원",전월실적 40만원 이상
BC 바로 리워드 플러스,"영화/구독서비스
30% 적립
쇼핑
5% 적립
주유소/핸드폰요금
5% 적립","국내전용 10,000원 / 해외겸용 10,000원",전월실적 30만원 이상
밸런스 카드,"스타벅스 사이렌오더
50% 할인
배달어플
10% 할인
골프
7% 할인","국내전용 10,000원 / 해외겸용 12,000원",전월실적 40만원 이상
BC 바로 에어 플러스,"1천원당
1마일리지 적립
1백만원당
200마일리지 적립","국내전용 19,000원 / 해외겸용 19,000원",전월실적 없음
신세계 BC 바로 콰트로 플러스,"쇼핑
5% 할인
교통
4% 할인
온라인몰
7% 할인","국내전용 5,000원 / 해외겸용 5,000원",전월실적 30만원 이상
신세계 BC 바로 SEVEN FLEX,"신세계백화점
7% 할인
간편결제
7% 할인
카페
7% 할인","국내전용 20,000원 / 해외겸용 20,000원",전월실적 30만원 이상
컬리카드,"컬리 적립금
5% 적립
해외 가맹점
2% 적립
국내 가맹점
1% 적립","국내전용 12,000원 / 해외겸용 12,000원",전월실적 없음
K-FIRST (모바일전용),"전 가맹점
1% 할인
대중교통/편의점/커피
0.5% 추가할인
페이북 쇼핑
5% 할인","해외겸용 5,000원",전월실적 없음
kt SUPER 카드,"KT통신요금 최대
18,000원 할인
SK 주유소
1% 할인","국내전용 25,000원 / 해외겸용 27,000원",전월실적 30만원 이상
부자되세요 The Oil 카드,"주유
150원/L 할인
백화점·대형마트
5% 할인
패밀리레스토랑
20% 할인","해외겸용 5,000원",전월실적 30만원 이상
신세계 BC 바로 리워드 플러스,"페이북머니
최대 1.5% 기본 적립
페이북머니
최대 30% 특별 적립
국내 전 가맹점
2~3개월 무이자 할부","국내전용 10,000원 / 해외겸용 10,000원",전월실적 30만원 이상
신세계 BC 바로 클리어 플러스,"점심식사
5% 할인
신세계백화점
7% 할인
신세계백화점
제휴 서비스 제공","국내전용 5,000원 / 해외겸용 5,000원",전월실적 20만원 이상
부자되세요 덤카드,"국내외 가맹점
0.8% 청구할인
생활 편의 업종
0.5% 추가 청구할인
실적 조건 없이
최대 5천원 할인","국내전용 10,000원 / 해외겸용 12,000원",전월실적 없음
블랙핑크 카드,"음반/티켓
10% 할인
편의점/백화점
10% 할인
대중교통/배달앱
10% 할인","국내전용 10,000원 / 해외겸용 12,000원",전월실적 30만원 이상
kt SUPER+ 카드,"KT통신요금 최대
25,000원 할인
SK 주유소
1% 할인","국내전용 15,000원 / 해외겸용 17,000원",전월실적 50만원 이상
쇼핑& 카드,"온라인
7% 청구할인
라이프
7% 청구할인","국내전용 10,000원",전월실적 30만원 이상
로스트아크 카드,"로스트아크 크리스탈
10% 할인
국내온라인가맹점
1.5% 할인
국내외가맹점
0.5% 할인","국내전용 10,000원 / 해외겸용 12,000원",전월실적 없음
신세계 푸빌라 BC바로카드,"국내가맹점
0.7% 할인
해외가맹점
1.7% 할인
신세계백화점/SSGPAY
1.7% 할인","국내전용 10,000원 / 해외겸용 12,000원",전월실적 없음
신세계 BC 바로 아시아나 플러스,"아시아나 1,000원당
최대 2.0마일 적립
신세계백화점
제휴 서비스 제공
Visa
Platinum 서비스 제공","국내전용 10,000원 / 해외겸용 10,000원",전월실적 50만원 이상
부자되세요 홈쇼핑카드,"6대 홈쇼핑
6% 할인
커피
20% 청구할인","해외겸용 5,000원",전월실적 20만원 이상
UPTURN카드,"KT이동통신요금
14,000원 할인
온라인·모바일 쇼핑
5% 할인
주유
60원/L 할인","해외겸용 7,000원",전월실적 30만원 이상
키자니아 에듀카드,"학원·유치원
10% 할인
주유
60원/L 할인
키자니아
무료 입장권","국내전용 12,000원 / 해외겸용 15,000원",전월실적 30만원 이상
&POP 카드,"GS가맹점
최대 3% GS&POINT 적립
국내 전 가맹점
0.7% GS&POINT 적립
GS POP
서비스 제공","국내전용 5,000원 / 해외겸용 5,000원",전월실적 없음
밥바라밥 페이북머니 체크카드,"커피/점심/간식
페이북머니 8% 적립
국내 가맹점 이용금액
0.1% 기부기금 적립",국내전용 없음,전월실적 없음
페이북 머니 체크카드,"전월실적 없이
최대 1만원 페이북 머니 적립
페이북 결제시
1% 페이북 머니 적립
일반가맹점 결제시
0.2% 페이북 머니 적립",국내전용 없음,전월실적 없음
